id,title,description,link,image_link,additional_image_link,price,availability,condition,brand,mpn,gtin,product_type,google_product_category,shipping_country,shipping_service,shipping_price,shipping_weight,min_handling_time,max_handling_time,min_transit_time,max_transit_time,tax_country,tax_rate,country_of_origin,identifier_exists
1,Hair Tie Scrunchie Set 8-Piece Accessories,Hair Tie Scrunchie Set 8-Piece Accessories.,https://www.yeatru.com/product-1.html,https://cdn.jsdelivr.net/gh/Yeatru/Image@main/Images/YCS-ACC-001.png,,1.00 USD,in_stock,new,Yeatru Sourcing,YCS-ACC-001,,Home & Garden > Hair Accessories,,US,Standard DDP,0.00 USD,,3,7,7,35,US,0.00,CN,no
2,Bracelet Gift Box Jewelry Velvet,Bracelet Gift Box Jewelry Velvet.,https://www.yeatru.com/product-2.html,https://cdn.jsdelivr.net/gh/Yeatru/Image@main/Images/YCS-ACC-002.png,,0.86 USD,in_stock,new,Yeatru Sourcing,YCS-ACC-002,,Home & Garden > Accessories,,US,Standard DDP,0.00 USD,,3,7,7,35,US,0.00,CN,no
3,Noise Canceling Earplugs Sleep Reusable,Noise Canceling Earplugs Sleep Reusable.,https://www.yeatru.com/product-3.html,https://cdn.jsdelivr.net/gh/Yeatru/Image@main/Images/YCS-ACC-003.png,,0.31 USD,in_stock,new,Yeatru Sourcing,YCS-ACC-003,,Home & Garden > Personal Care,,US,Standard DDP,0.00 USD,,3,7,7,35,US,0.00,CN,no
4,Fashion Accessories Replacement Parts,Fashion Accessories Replacement Parts.,https://www.yeatru.com/product-4.html,https://cdn.jsdelivr.net/gh/Yeatru/Image@main/Images/YCS-ACC-004.png,,4.96 USD,in_stock,new,Yeatru Sourcing,YCS-ACC-004,,Home & Garden > Machinery,,US,Standard DDP,0.00 USD,,3,7,7,35,US,0.00,CN,no
5,Blue Fabric Sleep Mask Eye Cover with Cyan Accents,Blue Fabric Sleep Mask Eye Cover with Cyan Accents. Available in Blue.,https://www.yeatru.com/product-5.html,https://cdn.jsdelivr.net/gh/Yeatru/Image@main/Images/YCS-ACC-005.jpg,,0.03 USD,in_stock,new,Yeatru Sourcing,YCS-ACC-005,,Home & Garden > Personal Care,,US,Standard DDP,0.00 USD,,3,7,7,35,US,0.00,CN,no
6,Necklace Jewelry Fashion Gift,Necklace Jewelry Fashion Gift.,https://www.yeatru.com/product-6.html,https://cdn.jsdelivr.net/gh/Yeatru/Image@main/Images/YCS-ACC-006.png,,2.06 USD,in_stock,new,Yeatru Sourcing,YCS-ACC-006,,Home & Garden > Accessories,,US,Standard DDP,0.00 USD,,3,7,7,35,US,0.00,CN,no
7,Auto Repair Tool Set Mechanic Professional,Auto Repair Tool Set Mechanic Professional.,https://www.yeatru.com/product-7.html,https://cdn.jsdelivr.net/gh/Yeatru/Image@main/Images/YCS-ART-001.png,,53.72 USD,in_stock,new,Yeatru Sourcing,YCS-ART-001,,Home & Garden > Auto Repair Tools,,US,Standard DDP,0.00 USD,,3,7,7,35,US,0.00,CN,no
8,Auto Repair Tool Set Mechanic Professional,Auto Repair Tool Set Mechanic Professional.,https://www.yeatru.com/product-8.html,https://cdn.jsdelivr.net/gh/Yeatru/Image@main/Images/YCS-ART-002.png,,115.00 USD,in_stock,new,Yeatru Sourcing,YCS-ART-002,,Home & Garden > Auto Repair Tools,,US,Standard DDP,0.00 USD,,3,7,7,35,US,0.00,CN,no
9,Bearing Puller Tool Auto Repair Heavy Duty,Bearing Puller Tool Auto Repair Heavy Duty.,https://www.yeatru.com/product-9.html,https://cdn.jsdelivr.net/gh/Yeatru/Image@main/Images/YCS-ART-003.png,,22.31 USD,in_stock,new,Yeatru Sourcing,YCS-ART-003,,Home & Garden > Auto Repair Tools,,US,Standard DDP,0.00 USD,,3,7,7,35,US,0.00,CN,no
10,Spring Compressor Tool Auto Repair Strut,Spring Compressor Tool Auto Repair Strut.,https://www.yeatru.com/product-10.html,https://cdn.jsdelivr.net/gh/Yeatru/Image@main/Images/YCS-ART-004.png,,11.84 USD,in_stock,new,Yeatru Sourcing,YCS-ART-004,,Home & Garden > Auto Repair Tools,,US,Standard DDP,0.00 USD,,3,7,7,35,US,0.00,CN,no
11,Disassembly Tool Set Auto Repair AC,Disassembly Tool Set Auto Repair AC.,https://www.yeatru.com/product-11.html,https://cdn.jsdelivr.net/gh/Yeatru/Image@main/Images/YCS-ART-005.png,,11.16 USD,in_stock,new,Yeatru Sourcing,YCS-ART-005,,Home & Garden > Auto Repair Tools,,US,Standard DDP,0.00 USD,,3,7,7,35,US,0.00,CN,no
12,Magnetic Tool Tray Metal Parts Organizer,Magnetic Tool Tray Metal Parts Organizer.,https://www.yeatru.com/product-12.html,https://cdn.jsdelivr.net/gh/Yeatru/Image@main/Images/YCS-ART-006.png,,7.90 USD,in_stock,new,Yeatru Sourcing,YCS-ART-006,,Home & Garden > Auto Repair Tools,,US,Standard DDP,0.00 USD,,3,7,7,35,US,0.00,CN,no
13,Magnetic Spark Plug Tool Auto Repair,Magnetic Spark Plug Tool Auto Repair.,https://www.yeatru.com/product-13.html,https://cdn.jsdelivr.net/gh/Yeatru/Image@main/Images/YCS-ART-007.png,,1.08 USD,in_stock,new,Yeatru Sourcing,YCS-ART-007,,Home & Garden > Auto Repair Tools,,US,Standard DDP,0.00 USD,,3,7,7,35,US,0.00,CN,no
14,Ball Joint Puller Auto Repair Forged,Ball Joint Puller Auto Repair Forged.,https://www.yeatru.com/product-14.html,https://cdn.jsdelivr.net/gh/Yeatru/Image@main/Images/YCS-ART-008.png,,4.10 USD,in_stock,new,Yeatru Sourcing,YCS-ART-008,,Home & Garden > Auto Repair Tools,,US,Standard DDP,0.00 USD,,3,7,7,35,US,0.00,CN,no
15,Magnetic Tool Strip Bar Wall Mount Organizer,Magnetic Tool Strip Bar Wall Mount Organizer.,https://www.yeatru.com/product-15.html,https://cdn.jsdelivr.net/gh/Yeatru/Image@main/Images/YCS-ART-009.png,,47.20 USD,in_stock,new,Yeatru Sourcing,YCS-ART-009,,Home & Garden > Auto Repair Tools,,US,Standard DDP,0.00 USD,,3,7,7,35,US,0.00,CN,no
16,Black Wireless Bluetooth Earbuds TWS Charging Case,Black Wireless Bluetooth Earbuds TWS Charging Case. Available in Black.,https://www.yeatru.com/product-16.html,https://cdn.jsdelivr.net/gh/Yeatru/Image@main/Images/YCS-AUS-001.png,,20.94 USD,in_stock,new,Yeatru Sourcing,YCS-AUS-001,,Home & Garden > Audio/Electronics,,US,Standard DDP,0.00 USD,in-ear (s/m/l silicone tips),3,7,7,35,US,0.00,CN,no
17,White Wireless Bluetooth Earbuds TWS Charging Case,White Wireless Bluetooth Earbuds TWS Charging Case. Available in White.,https://www.yeatru.com/product-17.html,https://cdn.jsdelivr.net/gh/Yeatru/Image@main/Images/YCS-AUS-002.png,,19.40 USD,in_stock,new,Yeatru Sourcing,YCS-AUS-002,,Home & Garden > Audio/Electronics,,US,Standard DDP,0.00 USD,in-ear (s/m/l silicone tips),3,7,7,35,US,0.00,CN,no
18,White Wireless Bluetooth Earbuds TWS Charging Case,White Wireless Bluetooth Earbuds TWS Charging Case. Available in White.,https://www.yeatru.com/product-18.html,https://cdn.jsdelivr.net/gh/Yeatru/Image@main/Images/YCS-AUS-003.png,,3.95 USD,in_stock,new,Yeatru Sourcing,YCS-AUS-003,,Home & Garden > Audio/Electronics,,US,Standard DDP,0.00 USD,in-ear (s/m/l silicone tips),3,7,7,35,US,0.00,CN,no
19,Black Bluetooth Speaker Portable Wireless,Black Bluetooth Speaker Portable Wireless. Available in Black.,https://www.yeatru.com/product-19.html,https://cdn.jsdelivr.net/gh/Yeatru/Image@main/Images/YCS-AUS-004.png,,21.46 USD,in_stock,new,Yeatru Sourcing,YCS-AUS-004,,Home & Garden > Audio/Electronics,,US,Standard DDP,0.00 USD,,3,7,7,35,US,0.00,CN,no
20,Black Bluetooth Speaker Portable Wireless,Black Bluetooth Speaker Portable Wireless. Available in Black.,https://www.yeatru.com/product-20.html,https://cdn.jsdelivr.net/gh/Yeatru/Image@main/Images/YCS-AUS-005.png,,18.54 USD,in_stock,new,Yeatru Sourcing,YCS-AUS-005,,Home & Garden > Audio/Electronics,,US,Standard DDP,0.00 USD,,3,7,7,35,US,0.00,CN,no
21,Bluetooth Speaker Portable Wireless,Bluetooth Speaker Portable Wireless. Available in Blue.,https://www.yeatru.com/product-21.html,https://cdn.jsdelivr.net/gh/Yeatru/Image@main/Images/YCS-AUS-006.png,,1.89 USD,in_stock,new,Yeatru Sourcing,YCS-AUS-006,,Home & Garden > Audio/Electronics,,US,Standard DDP,0.00 USD,,3,7,7,35,US,0.00,CN,no
22,Bluetooth Speaker Portable Wireless,Bluetooth Speaker Portable Wireless. Available in Blue.,https://www.yeatru.com/product-22.html,https://cdn.jsdelivr.net/gh/Yeatru/Image@main/Images/YCS-AUS-007.png,,12.01 USD,in_stock,new,Yeatru Sourcing,YCS-AUS-007,,Home & Garden > Audio/Electronics,,US,Standard DDP,0.00 USD,,3,7,7,35,US,0.00,CN,no
23,Bluetooth Speaker Portable Wireless,Bluetooth Speaker Portable Wireless. Available in Blue.,https://www.yeatru.com/product-23.html,https://cdn.jsdelivr.net/gh/Yeatru/Image@main/Images/YCS-AUS-008.png,,13.22 USD,in_stock,new,Yeatru Sourcing,YCS-AUS-008,,Home & Garden > Audio/Electronics,,US,Standard DDP,0.00 USD,,3,7,7,35,US,0.00,CN,no
24,Wired Earphones In-Ear Black Silver 100 Pack,Wired Earphones In-Ear Black Silver 100 Pack. Available in Black.,https://www.yeatru.com/product-24.html,https://cdn.jsdelivr.net/gh/Yeatru/Image@main/Images/YCS-AUS-009.png,,2.99 USD,in_stock,new,Yeatru Sourcing,YCS-AUS-009,,Home & Garden > Audio/Electronics,,US,Standard DDP,0.00 USD,in-ear (s/m/l silicone tips),3,7,7,35,US,0.00,CN,no
25,Interview Microphone Portable Professional,Interview Microphone Portable Professional.,https://www.yeatru.com/product-25.html,https://cdn.jsdelivr.net/gh/Yeatru/Image@main/Images/YCS-AUS-010.png,,2.06 USD,in_stock,new,Yeatru Sourcing,YCS-AUS-010,,Home & Garden > Audio/Electronics,,US,Standard DDP,0.00 USD,portable handheld (130mm × 23mm ± 5mm),3,7,7,35,US,0.00,CN,no
26,Wireless Bluetooth Earbuds TWS Charging Case,Wireless Bluetooth Earbuds TWS Charging Case. Available in Blue.,https://www.yeatru.com/product-26.html,https://cdn.jsdelivr.net/gh/Yeatru/Image@main/Images/YCS-AUS-011.png,,1.97 USD,in_stock,new,Yeatru Sourcing,YCS-AUS-011,,Home & Garden > Audio/Electronics,,US,Standard DDP,0.00 USD,in-ear (s/m/l silicone tips),3,7,7,35,US,0.00,CN,no
27,Q71 Wireless Bluetooth Earbuds with Charging Case Blue Purple,Q71 Wireless Bluetooth Earbuds with Charging Case Blue Purple. Available in Blue.,https://www.yeatru.com/product-27.html,https://cdn.jsdelivr.net/gh/Yeatru/Image@main/Images/YCS-AUS-012-001.png,,2.75 USD,in_stock,new,Yeatru Sourcing,YCS-AUS-012,,Home & Garden > Audio/Electronics,,US,Standard DDP,0.00 USD,in-ear (s/m/l silicone tips),3,7,7,35,US,0.00,CN,no
28,White Earphones Wired In-Ear,White Earphones Wired In-Ear. Available in Black.,https://www.yeatru.com/product-28.html,https://cdn.jsdelivr.net/gh/Yeatru/Image@main/Images/YCS-AUS-013-001.png,,2.23 USD,in_stock,new,Yeatru Sourcing,YCS-AUS-013,,Home & Garden > Audio/Electronics,,US,Standard DDP,0.00 USD,in-ear (s/m/l silicone tips),3,7,7,35,US,0.00,CN,no
29,White Sleep Earbuds Bluetooth Thin,White Sleep Earbuds Bluetooth Thin. Available in Black.,https://www.yeatru.com/product-29.html,https://cdn.jsdelivr.net/gh/Yeatru/Image@main/Images/YCS-AUS-014.png,,8.00 USD,in_stock,new,Yeatru Sourcing,YCS-AUS-014,,Home & Garden > Audio/Electronics,,US,Standard DDP,0.00 USD,in-ear (s/m/l silicone tips),3,7,7,35,US,0.00,CN,no
30,Parking Number Sign Car Dashboard Custom,Parking Number Sign Car Dashboard Custom.,https://www.yeatru.com/product-30.html,https://cdn.jsdelivr.net/gh/Yeatru/Image@main/Images/YCS-AUT-001.jpg,,0.15 USD,in_stock,new,Yeatru Sourcing,YCS-AUT-001,,Home & Garden > Auto Accessories,,US,Standard DDP,0.00 USD,,3,7,7,35,US,0.00,CN,no
31,Auto Accessory Car Inkjet Sticker,Auto Accessory Car Inkjet Sticker.,https://www.yeatru.com/product-31.html,https://cdn.jsdelivr.net/gh/Yeatru/Image@main/Images/YCS-AUT-002.png,,1.63 USD,in_stock,new,Yeatru Sourcing,YCS-AUT-002,,Home & Garden > Auto Accessories,,US,Standard DDP,0.00 USD,,3,7,7,35,US,0.00,CN,no
32,Steering Wheel Cover Anti-Slip Universal,Steering Wheel Cover Anti-Slip Universal.,https://www.yeatru.com/product-32.html,https://cdn.jsdelivr.net/gh/Yeatru/Image@main/Images/YCS-AUT-003.png,,0.13 USD,in_stock,new,Yeatru Sourcing,YCS-AUT-003,,Home & Garden > Auto Accessories,,US,Standard DDP,0.00 USD,,3,7,7,35,US,0.00,CN,no
33,Car Vacuum Cleaner Portable Auto 12V,Car Vacuum Cleaner Portable Auto 12V.,https://www.yeatru.com/product-33.html,https://cdn.jsdelivr.net/gh/Yeatru/Image@main/Images/YCS-AUT-004.png,,1.63 USD,in_stock,new,Yeatru Sourcing,YCS-AUT-004,,Home & Garden > Auto Accessories,,US,Standard DDP,0.00 USD,,3,7,7,35,US,0.00,CN,no
34,Children's Sound Card Book Educational Learning,Children's Sound Card Book Educational Learning. Sizes: S.,https://www.yeatru.com/product-34.html,https://cdn.jsdelivr.net/gh/Yeatru/Image@main/Images/YCS-AUT-005.png,,0.94 USD,in_stock,new,Yeatru Sourcing,YCS-AUT-005,,Home & Garden > Auto Accessories,,US,Standard DDP,0.00 USD,s,3,7,7,35,US,0.00,CN,no
35,Car Emergency Escape Hammer Window Breaker Safety,Car Emergency Escape Hammer Window Breaker Safety.,https://www.yeatru.com/product-35.html,https://cdn.jsdelivr.net/gh/Yeatru/Image@main/Images/YCS-AUT-006.png,,0.69 USD,in_stock,new,Yeatru Sourcing,YCS-AUT-006,,Home & Garden > Auto Accessories,,US,Standard DDP,0.00 USD,,3,7,7,35,US,0.00,CN,no
36,Car Windshield Sunshade Umbrella UV Protection Foldable,Car Windshield Sunshade Umbrella UV Protection Foldable.,https://www.yeatru.com/product-36.html,https://cdn.jsdelivr.net/gh/Yeatru/Image@main/Images/YCS-AUT-007.png,,2.33 USD,in_stock,new,Yeatru Sourcing,YCS-AUT-007,,Home & Garden > Auto Accessories,,US,Standard DDP,0.00 USD,,3,7,7,35,US,0.00,CN,no
37,Android TV Box Streaming Media 4K Player,Android TV Box Streaming Media 4K Player.,https://www.yeatru.com/product-37.html,https://cdn.jsdelivr.net/gh/Yeatru/Image@main/Images/YCS-AVD-001.png,,11.16 USD,in_stock,new,Yeatru Sourcing,YCS-AVD-001,,Home & Garden > Audio/Video,,US,Standard DDP,0.00 USD,,3,7,7,35,US,0.00,CN,no
38,WiFi Router Wireless Dual Band Network,WiFi Router Wireless Dual Band Network. Available in Black.,https://www.yeatru.com/product-38.html,https://cdn.jsdelivr.net/gh/Yeatru/Image@main/Images/YCS-AVD-002.png,,5.32 USD,in_stock,new,Yeatru Sourcing,YCS-AVD-002,,Home & Garden > Audio/Video,,US,Standard DDP,0.00 USD,,3,7,7,35,US,0.00,CN,no
39,3D Glasses Movie Theater VR Virtual,3D Glasses Movie Theater VR Virtual.,https://www.yeatru.com/product-39.html,https://cdn.jsdelivr.net/gh/Yeatru/Image@main/Images/YCS-AVD-003.png,,1.00 USD,in_stock,new,Yeatru Sourcing,YCS-AVD-003,,Home & Garden > Audio/Video,,US,Standard DDP,0.00 USD,3d,3,7,7,35,US,0.00,CN,no
40,Xiaomi Air Purifier 5 HEPA Filter Home,Xiaomi Air Purifier 5 HEPA Filter Home.,https://www.yeatru.com/product-40.html,https://cdn.jsdelivr.net/gh/Yeatru/Image@main/Images/YCS-AVD-004.png,,16.82 USD,in_stock,new,Yeatru Sourcing,YCS-AVD-004,,Home & Garden > Audio/Video,,US,Standard DDP,0.00 USD,,3,7,7,35,US,0.00,CN,no
41,Mini Projector Home Theater Portable,Mini Projector Home Theater Portable.,https://www.yeatru.com/product-41.html,https://cdn.jsdelivr.net/gh/Yeatru/Image@main/Images/YCS-AVD-005.png,,28.32 USD,in_stock,new,Yeatru Sourcing,YCS-AVD-005,,Home & Garden > Audio/Video,,US,Standard DDP,0.00 USD,,3,7,7,35,US,0.00,CN,no
42,Android TV Box Streaming 4K,Android TV Box Streaming 4K.,https://www.yeatru.com/product-42.html,https://cdn.jsdelivr.net/gh/Yeatru/Image@main/Images/YCS-AVD-006.png,,1.70 USD,in_stock,new,Yeatru Sourcing,YCS-AVD-006,,Home & Garden > Audio/Video,,US,Standard DDP,0.00 USD,,3,7,7,35,US,0.00,CN,no
43,White Laptop Backpack Waterproof Travel,"White Laptop Backpack Waterproof Travel. Available in Black, White.",https://www.yeatru.com/product-43.html,https://cdn.jsdelivr.net/gh/Yeatru/Image@main/Images/YCS-BAC-001-001.jpg,,3.18 USD,in_stock,new,Yeatru Sourcing,YCS-BAC-001,,Home & Garden > Backpacks,,US,Standard DDP,0.00 USD,,3,7,7,35,US,0.00,CN,no
44,Khaki Laptop Backpack Waterproof Travel,Khaki Laptop Backpack Waterproof Travel. Available in Khaki.,https://www.yeatru.com/product-44.html,https://cdn.jsdelivr.net/gh/Yeatru/Image@main/Images/YCS-BAC-002.jpg,,3.43 USD,in_stock,new,Yeatru Sourcing,YCS-BAC-002,,Home & Garden > Backpacks,,US,Standard DDP,0.00 USD,,3,7,7,35,US,0.00,CN,no
45,White Laptop Backpack Waterproof Travel,White Laptop Backpack Waterproof Travel. Available in Black.,https://www.yeatru.com/product-45.html,https://cdn.jsdelivr.net/gh/Yeatru/Image@main/Images/YCS-BAC-003.png,,4.03 USD,in_stock,new,Yeatru Sourcing,YCS-BAC-003,,Home & Garden > Backpacks,,US,Standard DDP,0.00 USD,,3,7,7,35,US,0.00,CN,no
46,Black Backpack Travel Business,Black Backpack Travel Business. Available in Black.,https://www.yeatru.com/product-46.html,https://cdn.jsdelivr.net/gh/Yeatru/Image@main/Images/YCS-BAC-004.png,,3.77 USD,in_stock,new,Yeatru Sourcing,YCS-BAC-004,,Home & Garden > Backpacks,,US,Standard DDP,0.00 USD,,3,7,7,35,US,0.00,CN,no
47,White Laptop Backpack Waterproof Travel,White Laptop Backpack Waterproof Travel. Available in Black.,https://www.yeatru.com/product-47.html,https://cdn.jsdelivr.net/gh/Yeatru/Image@main/Images/YCS-BAC-005.png,,2.83 USD,in_stock,new,Yeatru Sourcing,YCS-BAC-005,,Home & Garden > Backpacks,,US,Standard DDP,0.00 USD,,3,7,7,35,US,0.00,CN,no
48,College Style Backpack School Student,College Style Backpack School Student.,https://www.yeatru.com/product-48.html,https://cdn.jsdelivr.net/gh/Yeatru/Image@main/Images/YCS-BAC-006.png,,2.23 USD,in_stock,new,Yeatru Sourcing,YCS-BAC-006,,Home & Garden > Backpacks,,US,Standard DDP,0.00 USD,,3,7,7,35,US,0.00,CN,no
49,School Backpack Students Lightweight Book Bag,School Backpack Students Lightweight Book Bag.,https://www.yeatru.com/product-49.html,https://cdn.jsdelivr.net/gh/Yeatru/Image@main/Images/YCS-BAC-007.png,,27.81 USD,in_stock,new,Yeatru Sourcing,YCS-BAC-007,,Home & Garden > Backpacks,,US,Standard DDP,0.00 USD,,3,7,7,35,US,0.00,CN,no
50,Floral Print Backpack Travel Lightweight,Floral Print Backpack Travel Lightweight. Available in Floral.,https://www.yeatru.com/product-50.html,https://cdn.jsdelivr.net/gh/Yeatru/Image@main/Images/YCS-BAC-008.png,,2.23 USD,in_stock,new,Yeatru Sourcing,YCS-BAC-008,,Home & Garden > Backpacks,,US,Standard DDP,0.00 USD,,3,7,7,35,US,0.00,CN,no
51,Pink School Backpack Students Lightweight,Pink School Backpack Students Lightweight. Available in Pink.,https://www.yeatru.com/product-51.html,https://cdn.jsdelivr.net/gh/Yeatru/Image@main/Images/YCS-BAC-009.png,,3.35 USD,in_stock,new,Yeatru Sourcing,YCS-BAC-009,,Home & Garden > Backpacks,,US,Standard DDP,0.00 USD,,3,7,7,35,US,0.00,CN,no
52,Card Holder Wallet Card Slots Compact,"Card Holder Wallet Card Slots Compact. Available in Black, Gray.",https://www.yeatru.com/product-52.html,https://cdn.jsdelivr.net/gh/Yeatru/Image@main/Images/YCS-BAG-001-001.png,,1.66 USD,in_stock,new,Yeatru Sourcing,YCS-BAG-001,,Home & Garden > Bags,,US,Standard DDP,0.00 USD,,3,7,7,35,US,0.00,CN,no
53,Wash Storage Bag Portable Travel Pouch,Wash Storage Bag Portable Travel Pouch.,https://www.yeatru.com/product-53.html,https://cdn.jsdelivr.net/gh/Yeatru/Image@main/Images/YCS-BAG-002.png,,3.26 USD,in_stock,new,Yeatru Sourcing,YCS-BAG-002,,Home & Garden > Bags,,US,Standard DDP,0.00 USD,,3,7,7,35,US,0.00,CN,no
54,Women's Handbag Fashion Portable Shoulder,Women's Handbag Fashion Portable Shoulder. Sizes: S.,https://www.yeatru.com/product-54.html,https://cdn.jsdelivr.net/gh/Yeatru/Image@main/Images/YCS-BAG-003.png,,2.03 USD,in_stock,new,Yeatru Sourcing,YCS-BAG-003,,Home & Garden > Bags,,US,Standard DDP,0.00 USD,s,3,7,7,35,US,0.00,CN,no
55,Card Holder Wallet Slots Compact,Card Holder Wallet Slots Compact. Available in Navy.,https://www.yeatru.com/product-55.html,https://cdn.jsdelivr.net/gh/Yeatru/Image@main/Images/YCS-BAG-005.png,,1.66 USD,in_stock,new,Yeatru Sourcing,YCS-BAG-005,,Home & Garden > Bags,,US,Standard DDP,0.00 USD,,3,7,7,35,US,0.00,CN,no
56,Plastic Wrap Dispenser Cutter Kitchen Slide 4 Colors,Plastic Wrap Dispenser Cutter Kitchen Slide 4 Colors. Available in Yellow.,https://www.yeatru.com/product-56.html,https://cdn.jsdelivr.net/gh/Yeatru/Image@main/Images/YCS-BAG-006-001.png,,1.03 USD,in_stock,new,Yeatru Sourcing,YCS-BAG-006,,Home & Garden > Bags,,US,Standard DDP,0.00 USD,,3,7,7,35,US,0.00,CN,no
57,Brown Small Square Bag Women's Fashion Crossbody,"Brown Small Square Bag Women's Fashion Crossbody. Available in Black, Brown. Sizes: S.",https://www.yeatru.com/product-57.html,https://cdn.jsdelivr.net/gh/Yeatru/Image@main/Images/YCS-BAG-007-001.png,,1.37 USD,in_stock,new,Yeatru Sourcing,YCS-BAG-007,,Home & Garden > Bags,,US,Standard DDP,0.00 USD,s,3,7,7,35,US,0.00,CN,no
58,Red Portable Medicine Bag First Aid Kit,Red Portable Medicine Bag First Aid Kit. Available in Red.,https://www.yeatru.com/product-58.html,https://cdn.jsdelivr.net/gh/Yeatru/Image@main/Images/YCS-BAG-009.png,,0.19 USD,in_stock,new,Yeatru Sourcing,YCS-BAG-009,,Home & Garden > Bags,,US,Standard DDP,0.00 USD,,3,7,7,35,US,0.00,CN,no
59,Black Bag Portable Laptop,Black Bag Portable Laptop. Available in Black.,https://www.yeatru.com/product-59.html,https://cdn.jsdelivr.net/gh/Yeatru/Image@main/Images/YCS-BAG-010.png,,4.98 USD,in_stock,new,Yeatru Sourcing,YCS-BAG-010,,Home & Garden > Bags,,US,Standard DDP,0.00 USD,,3,7,7,35,US,0.00,CN,no
60,Electric Breast Pump Breastfeeding Portable,"Electric Breast Pump Breastfeeding Portable. Available in Green, Pink.",https://www.yeatru.com/product-60.html,https://cdn.jsdelivr.net/gh/Yeatru/Image@main/Images/YCS-BBC-001-001.png,,0.50 USD,in_stock,new,Yeatru Sourcing,YCS-BBC-001,,Home & Garden > Baby Care,,US,Standard DDP,0.00 USD,,3,7,7,35,US,0.00,CN,no
61,Green Baby Nasal Aspirator Infant Safe,Green Baby Nasal Aspirator Infant Safe. Available in Green.,https://www.yeatru.com/product-61.html,https://cdn.jsdelivr.net/gh/Yeatru/Image@main/Images/YCS-BBC-002.png,,2.66 USD,in_stock,new,Yeatru Sourcing,YCS-BBC-002,,Home & Garden > Baby Care,,US,Standard DDP,0.00 USD,,3,7,7,35,US,0.00,CN,no
62,Light Blue Wearable Breast Pump Hands-Free Electric,Light Blue Wearable Breast Pump Hands-Free Electric. Available in Blue.,https://www.yeatru.com/product-62.html,https://cdn.jsdelivr.net/gh/Yeatru/Image@main/Images/YCS-BBC-003.png,,4.63 USD,in_stock,new,Yeatru Sourcing,YCS-BBC-003,,Home & Garden > Baby Care,,US,Standard DDP,0.00 USD,,3,7,7,35,US,0.00,CN,no
63,Black Postpartum Belly Wrap Belt Recovery Shapewear,Black Postpartum Belly Wrap Belt Recovery Shapewear. Available in Black. Sizes: XXL/XL/L/M.,https://www.yeatru.com/product-63.html,https://cdn.jsdelivr.net/gh/Yeatru/Image@main/Images/YCS-BBC-004.png,,1.42 USD,in_stock,new,Yeatru Sourcing,YCS-BBC-004,,Home & Garden > Baby Care,,US,Standard DDP,0.00 USD,xxl/xl/l/m,3,7,7,35,US,0.00,CN,no
64,Baby Bed Rail Guard Toddler Safety,Baby Bed Rail Guard Toddler Safety.,https://www.yeatru.com/product-64.html,https://cdn.jsdelivr.net/gh/Yeatru/Image@main/Images/YCS-BBC-005.png,,28.84 USD,in_stock,new,Yeatru Sourcing,YCS-BBC-005,,Home & Garden > Baby Care,,US,Standard DDP,0.00 USD,,3,7,7,35,US,0.00,CN,no
65,Pink Baby Care Product Infant,"Pink Baby Care Product Infant. Available in Blue, Pink.",https://www.yeatru.com/product-65.html,https://cdn.jsdelivr.net/gh/Yeatru/Image@main/Images/YCS-BBC-006-001.png,,3.18 USD,in_stock,new,Yeatru Sourcing,YCS-BBC-006,,Home & Garden > Baby Care,,US,Standard DDP,0.00 USD,,3,7,7,35,US,0.00,CN,no
66,Pink Baby Nail Clipper Set Infant Safe,"Pink Baby Nail Clipper Set Infant Safe. Available in Blue, Pink.",https://www.yeatru.com/product-66.html,https://cdn.jsdelivr.net/gh/Yeatru/Image@main/Images/YCS-BBC-007-001.png,,1.37 USD,in_stock,new,Yeatru Sourcing,YCS-BBC-007,,Home & Garden > Baby Care,,US,Standard DDP,0.00 USD,,3,7,7,35,US,0.00,CN,no
67,Baby Nail Clipper Set Infant Safe 2 Colors,Baby Nail Clipper Set Infant Safe 2 Colors.,https://www.yeatru.com/product-67.html,https://cdn.jsdelivr.net/gh/Yeatru/Image@main/Images/YCS-BBC-008.png,,1.00 USD,in_stock,new,Yeatru Sourcing,YCS-BBC-008,,Home & Garden > Baby Care,,US,Standard DDP,0.00 USD,,3,7,7,35,US,0.00,CN,no
68,Baby Nail Clipper Set Infant Safe 2 Colors,Baby Nail Clipper Set Infant Safe 2 Colors.,https://www.yeatru.com/product-68.html,https://cdn.jsdelivr.net/gh/Yeatru/Image@main/Images/YCS-BBC-009.png,,1.63 USD,in_stock,new,Yeatru Sourcing,YCS-BBC-009,,Home & Garden > Baby Care,,US,Standard DDP,0.00 USD,,3,7,7,35,US,0.00,CN,no
69,Baby Teething Toy BPA-Free Infant,Baby Teething Toy BPA-Free Infant.,https://www.yeatru.com/product-69.html,https://cdn.jsdelivr.net/gh/Yeatru/Image@main/Images/YCS-BBC-010.png,,0.84 USD,in_stock,new,Yeatru Sourcing,YCS-BBC-010,,Home & Garden > Baby Care,,US,Standard DDP,0.00 USD,,3,7,7,35,US,0.00,CN,no
70,Baby Piano Gym Play Mat Infant Activity,"Baby Piano Gym Play Mat Infant Activity. Available in Blue, Green, Pink.",https://www.yeatru.com/product-70.html,https://cdn.jsdelivr.net/gh/Yeatru/Image@main/Images/YCS-BBC-011-001.png,,3.16 USD,in_stock,new,Yeatru Sourcing,YCS-BBC-011,,Home & Garden > Baby Care,,US,Standard DDP,0.00 USD,,3,7,7,35,US,0.00,CN,no
71,Shampoo Dispenser Bottle 500Ml Travel,"Shampoo Dispenser Bottle 500Ml Travel. Available in Black, White. Sizes: 500ml.",https://www.yeatru.com/product-71.html,https://cdn.jsdelivr.net/gh/Yeatru/Image@main/Images/YCS-BTY-001-001.png,,1.89 USD,in_stock,new,Yeatru Sourcing,YCS-BTY-001,,Consumer Electronics > Beauty,,US,Standard DDP,0.00 USD,500ml,3,7,7,35,US,0.00,CN,no
72,Red Hair Styler Tool Multi-Function Curling,Red Hair Styler Tool Multi-Function Curling. Available in Red.,https://www.yeatru.com/product-72.html,https://cdn.jsdelivr.net/gh/Yeatru/Image@main/Images/YCS-BTY-002.png,,7.55 USD,in_stock,new,Yeatru Sourcing,YCS-BTY-002,,Consumer Electronics > Beauty,,US,Standard DDP,0.00 USD,,3,7,7,35,US,0.00,CN,no
73,Hair Clipper Trimmer Professional Cordless,Hair Clipper Trimmer Professional Cordless.,https://www.yeatru.com/product-73.html,https://cdn.jsdelivr.net/gh/Yeatru/Image@main/Images/YCS-BTY-003.png,,0.94 USD,in_stock,new,Yeatru Sourcing,YCS-BTY-003,,Consumer Electronics > Beauty,,US,Standard DDP,0.00 USD,,3,7,7,35,US,0.00,CN,no
74,Beauty Tool Cosmetics Sponge,Beauty Tool Cosmetics Sponge.,https://www.yeatru.com/product-74.html,https://cdn.jsdelivr.net/gh/Yeatru/Image@main/Images/YCS-BTY-004.png,,0.17 USD,in_stock,new,Yeatru Sourcing,YCS-BTY-004,,Consumer Electronics > Beauty,,US,Standard DDP,0.00 USD,,3,7,7,35,US,0.00,CN,no
75,Hair Curling Iron Wand Styling Ceramic,Hair Curling Iron Wand Styling Ceramic.,https://www.yeatru.com/product-75.html,https://cdn.jsdelivr.net/gh/Yeatru/Image@main/Images/YCS-BTY-005.png,,0.04 USD,in_stock,new,Yeatru Sourcing,YCS-BTY-005,,Consumer Electronics > Beauty,,US,Standard DDP,0.00 USD,portable handheld (130mm × 23mm ± 5mm),3,7,7,35,US,0.00,CN,no
76,Makeup Blender Sponge Cosmetics Soft,Makeup Blender Sponge Cosmetics Soft.,https://www.yeatru.com/product-76.html,https://cdn.jsdelivr.net/gh/Yeatru/Image@main/Images/YCS-BTY-006.png,,0.03 USD,in_stock,new,Yeatru Sourcing,YCS-BTY-006,,Consumer Electronics > Beauty,,US,Standard DDP,0.00 USD,,3,7,7,35,US,0.00,CN,no
77,Window Glass Wiper Scraper Cleaning Tool Dual-Use,"Window Glass Wiper Scraper Cleaning Tool Dual-Use. Available in Blue, White, Yellow.",https://www.yeatru.com/product-77.html,https://cdn.jsdelivr.net/gh/Yeatru/Image@main/Images/YCS-CLN-001.png,,0.77 USD,in_stock,new,Yeatru Sourcing,YCS-CLN-001,,Home & Garden > Cleaning,,US,Standard DDP,0.00 USD,,3,7,7,35,US,0.00,CN,no
78,Dishcloth Kitchen Towel Cleaning Absorbent 7 Colors,Dishcloth Kitchen Towel Cleaning Absorbent 7 Colors. Available in Black. Sizes: 18x23.,https://www.yeatru.com/product-78.html,https://cdn.jsdelivr.net/gh/Yeatru/Image@main/Images/YCS-CLN-002-001.jpg,,0.09 USD,in_stock,new,Yeatru Sourcing,YCS-CLN-002,,Home & Garden > Cleaning,,US,Standard DDP,0.00 USD,18x23,3,7,7,35,US,0.00,CN,no
79,Lint Roller Pet Hair Remover Reusable Sticky,Lint Roller Pet Hair Remover Reusable Sticky. Available in White.,https://www.yeatru.com/product-79.html,https://cdn.jsdelivr.net/gh/Yeatru/Image@main/Images/YCS-CLN-003.png,,0.72 USD,in_stock,new,Yeatru Sourcing,YCS-CLN-003,,Home & Garden > Cleaning,,US,Standard DDP,0.00 USD,,3,7,7,35,US,0.00,CN,no
80,Electric Cleaning Brush Power Scrubber Home,Electric Cleaning Brush Power Scrubber Home.,https://www.yeatru.com/product-80.html,https://cdn.jsdelivr.net/gh/Yeatru/Image@main/Images/YCS-CLN-004.png,,5.84 USD,in_stock,new,Yeatru Sourcing,YCS-CLN-004,,Home & Garden > Cleaning,,US,Standard DDP,0.00 USD,,3,7,7,35,US,0.00,CN,no
81,Floor Mop Cleaning Washable 4 Colors,Floor Mop Cleaning Washable 4 Colors.,https://www.yeatru.com/product-81.html,https://cdn.jsdelivr.net/gh/Yeatru/Image@main/Images/YCS-CLN-005.png,,0.69 USD,in_stock,new,Yeatru Sourcing,YCS-CLN-005,,Home & Garden > Cleaning,,US,Standard DDP,0.00 USD,,3,7,7,35,US,0.00,CN,no
82,Dish Brush With Soap Dispenser Kitchen Cleaning,Dish Brush With Soap Dispenser Kitchen Cleaning.,https://www.yeatru.com/product-82.html,https://cdn.jsdelivr.net/gh/Yeatru/Image@main/Images/YCS-CLN-006.png,,1.54 USD,in_stock,new,Yeatru Sourcing,YCS-CLN-006,,Home & Garden > Cleaning,,US,Standard DDP,0.00 USD,,3,7,7,35,US,0.00,CN,no
83,Triangle Mop Rotating Floor Cleaning,Triangle Mop Rotating Floor Cleaning. Sizes: 112cm.,https://www.yeatru.com/product-83.html,https://cdn.jsdelivr.net/gh/Yeatru/Image@main/Images/YCS-CLN-007-001.png,,0.51 USD,in_stock,new,Yeatru Sourcing,YCS-CLN-007,,Home & Garden > Cleaning,,US,Standard DDP,0.00 USD,112cm,3,7,7,35,US,0.00,CN,no
84,Triangle Mop Rotating Floor Cleaning,Triangle Mop Rotating Floor Cleaning.,https://www.yeatru.com/product-84.html,https://cdn.jsdelivr.net/gh/Yeatru/Image@main/Images/YCS-CLN-008.png,,0.17 USD,in_stock,new,Yeatru Sourcing,YCS-CLN-008,,Home & Garden > Cleaning,,US,Standard DDP,0.00 USD,,3,7,7,35,US,0.00,CN,no
85,Duster Cleaning Brush Retractable Dust Removal 4 Colors,Duster Cleaning Brush Retractable Dust Removal 4 Colors.,https://www.yeatru.com/product-85.html,https://cdn.jsdelivr.net/gh/Yeatru/Image@main/Images/YCS-CLN-009.png,,1.01 USD,in_stock,new,Yeatru Sourcing,YCS-CLN-009,,Home & Garden > Cleaning,,US,Standard DDP,0.00 USD,,3,7,7,35,US,0.00,CN,no
86,Filter Mesh Screen Stainless Steel Sink,Filter Mesh Screen Stainless Steel Sink.,https://www.yeatru.com/product-86.html,https://cdn.jsdelivr.net/gh/Yeatru/Image@main/Images/YCS-CLN-010.png,,0.02 USD,in_stock,new,Yeatru Sourcing,YCS-CLN-010,,Home & Garden > Cleaning,,US,Standard DDP,0.00 USD,,3,7,7,35,US,0.00,CN,no
87,Compressed Towel Tablets Disposable Travel,Compressed Towel Tablets Disposable Travel.,https://www.yeatru.com/product-87.html,https://cdn.jsdelivr.net/gh/Yeatru/Image@main/Images/YCS-CLN-011.png,,0.06 USD,in_stock,new,Yeatru Sourcing,YCS-CLN-011,,Home & Garden > Cleaning,,US,Standard DDP,0.00 USD,,3,7,7,35,US,0.00,CN,no
88,Kitchen Detergent Cleaning Stain Remover,Kitchen Detergent Cleaning Stain Remover.,https://www.yeatru.com/product-88.html,https://cdn.jsdelivr.net/gh/Yeatru/Image@main/Images/YCS-CLN-012.png,,0.37 USD,in_stock,new,Yeatru Sourcing,YCS-CLN-012,,Home & Garden > Cleaning,,US,Standard DDP,0.00 USD,,3,7,7,35,US,0.00,CN,no
89,Laundry Bleach Stain Remover Clothing,Laundry Bleach Stain Remover Clothing. Available in White.,https://www.yeatru.com/product-89.html,https://cdn.jsdelivr.net/gh/Yeatru/Image@main/Images/YCS-CLN-013.png,,0.67 USD,in_stock,new,Yeatru Sourcing,YCS-CLN-013,,Home & Garden > Cleaning,,US,Standard DDP,0.00 USD,,3,7,7,35,US,0.00,CN,no
90,Filter Mesh Screen Stainless Steel Kitchen,Filter Mesh Screen Stainless Steel Kitchen.,https://www.yeatru.com/product-90.html,https://cdn.jsdelivr.net/gh/Yeatru/Image@main/Images/YCS-CLN-014.png,,4.46 USD,in_stock,new,Yeatru Sourcing,YCS-CLN-014,,Home & Garden > Cleaning,,US,Standard DDP,0.00 USD,,3,7,7,35,US,0.00,CN,no
91,Disposable Filter Bag Washing Machine Mesh,Disposable Filter Bag Washing Machine Mesh.,https://www.yeatru.com/product-91.html,https://cdn.jsdelivr.net/gh/Yeatru/Image@main/Images/YCS-CLN-015.png,,0.21 USD,in_stock,new,Yeatru Sourcing,YCS-CLN-015,,Home & Garden > Cleaning,,US,Standard DDP,0.00 USD,,3,7,7,35,US,0.00,CN,no
92,Window Cleaner Tool Magnetic Double-Sided,Window Cleaner Tool Magnetic Double-Sided.,https://www.yeatru.com/product-92.html,https://cdn.jsdelivr.net/gh/Yeatru/Image@main/Images/YCS-CLN-016.png,,11.16 USD,in_stock,new,Yeatru Sourcing,YCS-CLN-016,,Home & Garden > Cleaning,,US,Standard DDP,0.00 USD,,3,7,7,35,US,0.00,CN,no
93,High Pressure Washer Electric Cleaning,High Pressure Washer Electric Cleaning.,https://www.yeatru.com/product-93.html,https://cdn.jsdelivr.net/gh/Yeatru/Image@main/Images/YCS-CLN-017.png,,41.19 USD,in_stock,new,Yeatru Sourcing,YCS-CLN-017,,Home & Garden > Cleaning,,US,Standard DDP,0.00 USD,,3,7,7,35,US,0.00,CN,no
94,Cleaning Tool Home Filter,Cleaning Tool Home Filter.,https://www.yeatru.com/product-94.html,https://cdn.jsdelivr.net/gh/Yeatru/Image@main/Images/YCS-CLN-018.png,,1.54 USD,in_stock,new,Yeatru Sourcing,YCS-CLN-018,,Home & Garden > Cleaning,,US,Standard DDP,0.00 USD,,3,7,7,35,US,0.00,CN,no
95,Lint Roller PET Hair Remover Reusable Sticky,Lint Roller PET Hair Remover Reusable Sticky.,https://www.yeatru.com/product-95.html,https://cdn.jsdelivr.net/gh/Yeatru/Image@main/Images/YCS-CLN-019.png,,2.49 USD,in_stock,new,Yeatru Sourcing,YCS-CLN-019,,Home & Garden > Cleaning,,US,Standard DDP,0.00 USD,,3,7,7,35,US,0.00,CN,no
96,Wood Splint Board Clamp Tool Hardware,Wood Splint Board Clamp Tool Hardware.,https://www.yeatru.com/product-96.html,https://cdn.jsdelivr.net/gh/Yeatru/Image@main/Images/YCS-CLN-020.png,,22.31 USD,in_stock,new,Yeatru Sourcing,YCS-CLN-020,,Home & Garden > Cleaning,,US,Standard DDP,0.00 USD,,3,7,7,35,US,0.00,CN,no
97,Kids Cotton T-Shirt Casual Breathable Size 140,Kids Cotton T-Shirt Casual Breathable Size 140. Available in White. Sizes: 140.,https://www.yeatru.com/product-97.html,https://cdn.jsdelivr.net/gh/Yeatru/Image@main/Images/YCS-CLO-001.png,,5.72 USD,in_stock,new,Yeatru Sourcing,YCS-CLO-001,,Consumer Electronics > Clothing,,US,Standard DDP,0.00 USD,140,3,7,7,35,US,0.00,CN,no
98,Kids Character T-Shirt Multi-Color Cotton Casual Top,Kids Character T-Shirt Multi-Color Cotton Casual Top. Available in White.,https://www.yeatru.com/product-98.html,https://cdn.jsdelivr.net/gh/Yeatru/Image@main/Images/YCS-CLO-002.png,,6.52 USD,in_stock,new,Yeatru Sourcing,YCS-CLO-002,,Consumer Electronics > Clothing,,US,Standard DDP,0.00 USD,,3,7,7,35,US,0.00,CN,no
99,Kids Cotton Underwear Breathable 130cm 8 Pack,Kids Cotton Underwear Breathable 130cm 8 Pack. Sizes: 130cm.,https://www.yeatru.com/product-99.html,https://cdn.jsdelivr.net/gh/Yeatru/Image@main/Images/YCS-CLO-003.png,,3.28 USD,in_stock,new,Yeatru Sourcing,YCS-CLO-003,,Consumer Electronics > Clothing,,US,Standard DDP,0.00 USD,130cm,3,7,7,35,US,0.00,CN,no
100,Sleeveless Vest Dress Casual Summer Women,Sleeveless Vest Dress Casual Summer Women.,https://www.yeatru.com/product-100.html,https://cdn.jsdelivr.net/gh/Yeatru/Image@main/Images/YCS-CLO-004.png,,8.24 USD,in_stock,new,Yeatru Sourcing,YCS-CLO-004,,Consumer Electronics > Clothing,,US,Standard DDP,0.00 USD,one size (fits s–xxl),3,7,7,35,US,0.00,CN,no
101,Cotton Underwear Breathable Comfortable,Cotton Underwear Breathable Comfortable.,https://www.yeatru.com/product-101.html,https://cdn.jsdelivr.net/gh/Yeatru/Image@main/Images/YCS-CLO-005.jpg,,0.57 USD,in_stock,new,Yeatru Sourcing,YCS-CLO-005,,Consumer Electronics > Clothing,,US,Standard DDP,0.00 USD,,3,7,7,35,US,0.00,CN,no
102,UV Protection Arm Sleeves Cooling Outdoor,UV Protection Arm Sleeves Cooling Outdoor.,https://www.yeatru.com/product-102.html,https://cdn.jsdelivr.net/gh/Yeatru/Image@main/Images/YCS-CLO-006.jpg,,0.57 USD,in_stock,new,Yeatru Sourcing,YCS-CLO-006,,Consumer Electronics > Clothing,,US,Standard DDP,0.00 USD,,3,7,7,35,US,0.00,CN,no
103,Cotton Underwear Breathable Comfortable,Cotton Underwear Breathable Comfortable.,https://www.yeatru.com/product-103.html,https://cdn.jsdelivr.net/gh/Yeatru/Image@main/Images/YCS-CLO-007.png,,2.08 USD,in_stock,new,Yeatru Sourcing,YCS-CLO-007,,Consumer Electronics > Clothing,,US,Standard DDP,0.00 USD,,3,7,7,35,US,0.00,CN,no
104,Cosplay Costume Outfit Performance Adult,Cosplay Costume Outfit Performance Adult.,https://www.yeatru.com/product-104.html,https://cdn.jsdelivr.net/gh/Yeatru/Image@main/Images/YCS-CLO-008.png,,3.16 USD,in_stock,new,Yeatru Sourcing,YCS-CLO-008,,Consumer Electronics > Clothing,,US,Standard DDP,0.00 USD,,3,7,7,35,US,0.00,CN,no
105,Clothing Apparel Fashion Mesh,Clothing Apparel Fashion Mesh. Available in Pink.,https://www.yeatru.com/product-105.html,https://cdn.jsdelivr.net/gh/Yeatru/Image@main/Images/YCS-CLO-009.png,,1.68 USD,in_stock,new,Yeatru Sourcing,YCS-CLO-009,,Consumer Electronics > Clothing,,US,Standard DDP,0.00 USD,,3,7,7,35,US,0.00,CN,no
106,White Clothing Apparel Fashion Mesh,White Clothing Apparel Fashion Mesh. Available in White.,https://www.yeatru.com/product-106.html,https://cdn.jsdelivr.net/gh/Yeatru/Image@main/Images/YCS-CLO-010.png,,1.46 USD,in_stock,new,Yeatru Sourcing,YCS-CLO-010,,Consumer Electronics > Clothing,,US,Standard DDP,0.00 USD,,3,7,7,35,US,0.00,CN,no
107,White Bodysuit Jumpsuit Women Sexy,White Bodysuit Jumpsuit Women Sexy. Available in Black.,https://www.yeatru.com/product-107.html,https://cdn.jsdelivr.net/gh/Yeatru/Image@main/Images/YCS-CLO-011.png,,2.35 USD,in_stock,new,Yeatru Sourcing,YCS-CLO-011,,Consumer Electronics > Clothing,,US,Standard DDP,0.00 USD,,3,7,7,35,US,0.00,CN,no
108,White Lace Pajamas Lingerie Set Women Sexy,White Lace Pajamas Lingerie Set Women Sexy. Available in Black.,https://www.yeatru.com/product-108.html,https://cdn.jsdelivr.net/gh/Yeatru/Image@main/Images/YCS-CLO-012.png,,1.13 USD,in_stock,new,Yeatru Sourcing,YCS-CLO-012,,Consumer Electronics > Clothing,,US,Standard DDP,0.00 USD,,3,7,7,35,US,0.00,CN,no
109,Black Clothing Apparel Fashion,Black Clothing Apparel Fashion. Available in Black. Sizes: XXXL/L.,https://www.yeatru.com/product-109.html,https://cdn.jsdelivr.net/gh/Yeatru/Image@main/Images/YCS-CLO-013.png,,1.46 USD,in_stock,new,Yeatru Sourcing,YCS-CLO-013,,Consumer Electronics > Clothing,,US,Standard DDP,0.00 USD,xxxl/l,3,7,7,35,US,0.00,CN,no
110,Kids White Character T-Shirt Cotton Casual Top,Kids White Character T-Shirt Cotton Casual Top. Available in White.,https://www.yeatru.com/product-110.html,https://cdn.jsdelivr.net/gh/Yeatru/Image@main/Images/YCS-CLO-014.png,,0.57 USD,in_stock,new,Yeatru Sourcing,YCS-CLO-014,,Consumer Electronics > Clothing,,US,Standard DDP,0.00 USD,,3,7,7,35,US,0.00,CN,no
111,Cotton Underwear Breathable Comfortable,Cotton Underwear Breathable Comfortable.,https://www.yeatru.com/product-111.html,https://cdn.jsdelivr.net/gh/Yeatru/Image@main/Images/YCS-CLO-015.png,,0.27 USD,in_stock,new,Yeatru Sourcing,YCS-CLO-015,,Consumer Electronics > Clothing,,US,Standard DDP,0.00 USD,,3,7,7,35,US,0.00,CN,no
112,Cotton Underwear Breathable Comfortable,Cotton Underwear Breathable Comfortable.,https://www.yeatru.com/product-112.html,https://cdn.jsdelivr.net/gh/Yeatru/Image@main/Images/YCS-CLO-016.png,,2.23 USD,in_stock,new,Yeatru Sourcing,YCS-CLO-016,,Consumer Electronics > Clothing,,US,Standard DDP,0.00 USD,,3,7,7,35,US,0.00,CN,no
113,Handheld Garment Steamer Portable Iron Travel Fabric Wrinkle Remover,Clothing Apparel Fashion Clothes.,https://www.yeatru.com/product-113.html,https://cdn.jsdelivr.net/gh/Yeatru/Image@main/Images/YCS-CLO-017.png,,10.64 USD,in_stock,new,Yeatru Sourcing,YCS-CLO-017,,Home & Garden > Household,,US,Standard DDP,0.00 USD,,3,7,7,35,US,0.00,CN,no
114,Red Bodysuit Jumpsuit Women Sexy,Red Bodysuit Jumpsuit Women Sexy. Available in Red.,https://www.yeatru.com/product-114.html,https://cdn.jsdelivr.net/gh/Yeatru/Image@main/Images/YCS-CLO-018.png,,2.39 USD,in_stock,new,Yeatru Sourcing,YCS-CLO-018,,Consumer Electronics > Clothing,,US,Standard DDP,0.00 USD,,3,7,7,35,US,0.00,CN,no
115,Bodysuit Jumpsuit Women Sexy 3 Colors,Bodysuit Jumpsuit Women Sexy 3 Colors.,https://www.yeatru.com/product-115.html,https://cdn.jsdelivr.net/gh/Yeatru/Image@main/Images/YCS-CLO-019.png,,1.68 USD,in_stock,new,Yeatru Sourcing,YCS-CLO-019,,Consumer Electronics > Clothing,,US,Standard DDP,0.00 USD,,3,7,7,35,US,0.00,CN,no
116,Black Clothing Apparel Fashion 2 Colors,Black Clothing Apparel Fashion 2 Colors. Available in Black. Sizes: XXXL/L.,https://www.yeatru.com/product-116.html,https://cdn.jsdelivr.net/gh/Yeatru/Image@main/Images/YCS-CLO-020.png,,1.46 USD,in_stock,new,Yeatru Sourcing,YCS-CLO-020,,Consumer Electronics > Clothing,,US,Standard DDP,0.00 USD,xxxl/l,3,7,7,35,US,0.00,CN,no
117,Black Women Dress Casual Summer 2 Colors,Black Women Dress Casual Summer 2 Colors. Available in Black.,https://www.yeatru.com/product-117.html,https://cdn.jsdelivr.net/gh/Yeatru/Image@main/Images/YCS-CLO-021.png,,2.32 USD,in_stock,new,Yeatru Sourcing,YCS-CLO-021,,Consumer Electronics > Clothing,,US,Standard DDP,0.00 USD,,3,7,7,35,US,0.00,CN,no
118,White Lace Pajamas Lingerie Set Women Sexy 2 Colors,White Lace Pajamas Lingerie Set Women Sexy 2 Colors. Available in Black.,https://www.yeatru.com/product-118.html,https://cdn.jsdelivr.net/gh/Yeatru/Image@main/Images/YCS-CLO-022.png,,1.68 USD,in_stock,new,Yeatru Sourcing,YCS-CLO-022,,Consumer Electronics > Clothing,,US,Standard DDP,0.00 USD,,3,7,7,35,US,0.00,CN,no
119,Men's Washed Blue Denim Jeans Faded Light Blue Cotton,Men's Washed Blue Denim Jeans Faded Light Blue Cotton. Available in Blue. Sizes: S.,https://www.yeatru.com/product-119.html,https://cdn.jsdelivr.net/gh/Yeatru/Image@main/Images/YCS-CLO-023-001.jpg,,13.73 USD,in_stock,new,Yeatru Sourcing,YCS-CLO-023,,Consumer Electronics > Clothing,,US,Standard DDP,0.00 USD,s,3,7,7,35,US,0.00,CN,no
120,Women Dress Casual Summer,Women Dress Casual Summer.,https://www.yeatru.com/product-120.html,https://cdn.jsdelivr.net/gh/Yeatru/Image@main/Images/YCS-CLO-024.png,,2.92 USD,in_stock,new,Yeatru Sourcing,YCS-CLO-024,,Consumer Electronics > Clothing,,US,Standard DDP,0.00 USD,,3,7,7,35,US,0.00,CN,no
121,Reflective Safety Vest HI-Vis Workwear,Reflective Safety Vest HI-Vis Workwear.,https://www.yeatru.com/product-121.html,https://cdn.jsdelivr.net/gh/Yeatru/Image@main/Images/YCS-CLO-025.png,,1.37 USD,in_stock,new,Yeatru Sourcing,YCS-CLO-025,,Consumer Electronics > Clothing,,US,Standard DDP,0.00 USD,one size (fits s–xxl),3,7,7,35,US,0.00,CN,no
122,Reflective Safety Vest HI-Vis Workwear,Reflective Safety Vest HI-Vis Workwear.,https://www.yeatru.com/product-122.html,https://cdn.jsdelivr.net/gh/Yeatru/Image@main/Images/YCS-CLO-026.png,,0.36 USD,in_stock,new,Yeatru Sourcing,YCS-CLO-026,,Consumer Electronics > Clothing,,US,Standard DDP,0.00 USD,one size (fits s–xxl),3,7,7,35,US,0.00,CN,no
123,Quick-Dry Sport Shirt Moisture Wicking Athletic,Quick-Dry Sport Shirt Moisture Wicking Athletic.,https://www.yeatru.com/product-123.html,https://cdn.jsdelivr.net/gh/Yeatru/Image@main/Images/YCS-CLO-027.png,,7.55 USD,in_stock,new,Yeatru Sourcing,YCS-CLO-027,,Consumer Electronics > Clothing,,US,Standard DDP,0.00 USD,s / m / l / xl / 2xl / 3xl,3,7,7,35,US,0.00,CN,no
124,Men Sportswear Tracksuit Set Athletic Quick-Dry,Men Sportswear Tracksuit Set Athletic Quick-Dry. Sizes: XL/L.,https://www.yeatru.com/product-124.html,https://cdn.jsdelivr.net/gh/Yeatru/Image@main/Images/YCS-CLO-028-001.png,,6.35 USD,in_stock,new,Yeatru Sourcing,YCS-CLO-028,,Consumer Electronics > Clothing,,US,Standard DDP,0.00 USD,xl/l,3,7,7,35,US,0.00,CN,no
125,Casual Shorts Summer Cotton,Casual Shorts Summer Cotton.,https://www.yeatru.com/product-125.html,https://cdn.jsdelivr.net/gh/Yeatru/Image@main/Images/YCS-CLO-029.png,,6.87 USD,in_stock,new,Yeatru Sourcing,YCS-CLO-029,,Consumer Electronics > Clothing,,US,Standard DDP,0.00 USD,s / m / l / xl / xxl,3,7,7,35,US,0.00,CN,no
126,Blue Denim Jeans Cotton Slim Fit,"Blue Denim Jeans Cotton Slim Fit. Available in Black, Blue.",https://www.yeatru.com/product-126.html,https://cdn.jsdelivr.net/gh/Yeatru/Image@main/Images/YCS-CLO-030-001.png,,4.81 USD,in_stock,new,Yeatru Sourcing,YCS-CLO-030,,Consumer Electronics > Clothing,,US,Standard DDP,0.00 USD,,3,7,7,35,US,0.00,CN,no
127,Khaki Denim Jeans Cotton Slim Fit,Khaki Denim Jeans Cotton Slim Fit. Available in Khaki.,https://www.yeatru.com/product-127.html,https://cdn.jsdelivr.net/gh/Yeatru/Image@main/Images/YCS-CLO-031.png,,15.45 USD,in_stock,new,Yeatru Sourcing,YCS-CLO-031,,Consumer Electronics > Clothing,,US,Standard DDP,0.00 USD,,3,7,7,35,US,0.00,CN,no
128,Men's Short Sleeve T-Shirt Cotton Casual Top,Men's Short Sleeve T-Shirt Cotton Casual Top. Sizes: S.,https://www.yeatru.com/product-128.html,https://cdn.jsdelivr.net/gh/Yeatru/Image@main/Images/YCS-CLO-032.png,,2.75 USD,in_stock,new,Yeatru Sourcing,YCS-CLO-032,,Consumer Electronics > Clothing,,US,Standard DDP,0.00 USD,s,3,7,7,35,US,0.00,CN,no
129,Men Sportswear Tracksuit Set Athletic Quick-Dry,Men Sportswear Tracksuit Set Athletic Quick-Dry. Sizes: XXL/XL.,https://www.yeatru.com/product-129.html,https://cdn.jsdelivr.net/gh/Yeatru/Image@main/Images/YCS-CLO-035.png,,8.24 USD,in_stock,new,Yeatru Sourcing,YCS-CLO-035,,Consumer Electronics > Clothing,,US,Standard DDP,0.00 USD,xxl/xl,3,7,7,35,US,0.00,CN,no
130,Kids Multi-Color Character T-Shirt Cotton Casual Top,Kids Multi-Color Character T-Shirt Cotton Casual Top.,https://www.yeatru.com/product-130.html,https://cdn.jsdelivr.net/gh/Yeatru/Image@main/Images/YCS-CLO-036.jpg,,5.75 USD,in_stock,new,Yeatru Sourcing,YCS-CLO-036,,Consumer Electronics > Clothing,,US,Standard DDP,0.00 USD,,3,7,7,35,US,0.00,CN,no
131,Black Drawstring Jogger Pants Cotton Casual Sportswear,"Black Drawstring Jogger Pants Cotton Casual Sportswear. Available in Black, Floral, White.",https://www.yeatru.com/product-131.html,https://cdn.jsdelivr.net/gh/Yeatru/Image@main/Images/YCS-CLO-037-001.png,,2.56 USD,in_stock,new,Yeatru Sourcing,YCS-CLO-037,,Consumer Electronics > Clothing,,US,Standard DDP,0.00 USD,,3,7,7,35,US,0.00,CN,no
132,American Style Cotton Casual Pants Trousers,American Style Cotton Casual Pants Trousers.,https://www.yeatru.com/product-132.html,https://cdn.jsdelivr.net/gh/Yeatru/Image@main/Images/YCS-CLO-038.png,,4.81 USD,in_stock,new,Yeatru Sourcing,YCS-CLO-038,,Consumer Electronics > Clothing,,US,Standard DDP,0.00 USD,,3,7,7,35,US,0.00,CN,no
133,Black Casual Cotton Pants Trousers Black Gray Multi-Size,"Black Casual Cotton Pants Trousers Black Gray Multi-Size. Available in Black, Gray.",https://www.yeatru.com/product-133.html,https://cdn.jsdelivr.net/gh/Yeatru/Image@main/Images/YCS-CLO-039-001.png,,3.18 USD,in_stock,new,Yeatru Sourcing,YCS-CLO-039,,Consumer Electronics > Clothing,,US,Standard DDP,0.00 USD,,3,7,7,35,US,0.00,CN,no
134,Black K139 Casual Cotton Pants Trousers Black Gray,"Black K139 Casual Cotton Pants Trousers Black Gray. Available in Black, Gray.",https://www.yeatru.com/product-134.html,https://cdn.jsdelivr.net/gh/Yeatru/Image@main/Images/YCS-CLO-040-001.png,,1.89 USD,in_stock,new,Yeatru Sourcing,YCS-CLO-040,,Consumer Electronics > Clothing,,US,Standard DDP,0.00 USD,,3,7,7,35,US,0.00,CN,no
135,Black Denim Jeans Cotton Multi-Size Adult,Black Denim Jeans Cotton Multi-Size Adult. Available in Black.,https://www.yeatru.com/product-135.html,https://cdn.jsdelivr.net/gh/Yeatru/Image@main/Images/YCS-CLO-041.png,,6.52 USD,in_stock,new,Yeatru Sourcing,YCS-CLO-041,,Consumer Electronics > Clothing,,US,Standard DDP,0.00 USD,,3,7,7,35,US,0.00,CN,no
136,Black Drawstring Sport Pants Cotton Casual Jogger,"Black Drawstring Sport Pants Cotton Casual Jogger. Available in Black, Gray.",https://www.yeatru.com/product-136.html,https://cdn.jsdelivr.net/gh/Yeatru/Image@main/Images/YCS-CLO-042-001.png,,3.09 USD,in_stock,new,Yeatru Sourcing,YCS-CLO-042,,Consumer Electronics > Clothing,,US,Standard DDP,0.00 USD,,3,7,7,35,US,0.00,CN,no
137,Casual Cotton Pants Trousers Breathable Multi-Size,Casual Cotton Pants Trousers Breathable Multi-Size.,https://www.yeatru.com/product-137.html,https://cdn.jsdelivr.net/gh/Yeatru/Image@main/Images/YCS-CLO-043.jpg,,4.63 USD,in_stock,new,Yeatru Sourcing,YCS-CLO-043,,Consumer Electronics > Clothing,,US,Standard DDP,0.00 USD,,3,7,7,35,US,0.00,CN,no
138,Black Drawstring Jogger Pants Black Gray Light Gray,"Black Drawstring Jogger Pants Black Gray Light Gray. Available in Black, Gray.",https://www.yeatru.com/product-138.html,https://cdn.jsdelivr.net/gh/Yeatru/Image@main/Images/YCS-CLO-044-001.jpg,,4.46 USD,in_stock,new,Yeatru Sourcing,YCS-CLO-044,,Consumer Electronics > Clothing,,US,Standard DDP,0.00 USD,,3,7,7,35,US,0.00,CN,no
139,Blue Kids Denim Jeans Cotton Multi-Color Multi-Size,"Blue Kids Denim Jeans Cotton Multi-Color Multi-Size. Available in Black, Blue, Brown.",https://www.yeatru.com/product-139.html,https://cdn.jsdelivr.net/gh/Yeatru/Image@main/Images/YCS-CLO-045-001.png,,4.46 USD,in_stock,new,Yeatru Sourcing,YCS-CLO-045,,Consumer Electronics > Clothing,,US,Standard DDP,0.00 USD,,3,7,7,35,US,0.00,CN,no
140,PET Disposable Bottle With Cap Beverage 330Ml,"PET Disposable Bottle With Cap Beverage 330Ml. Sizes: 360ml-A13, 500ml-B9.",https://www.yeatru.com/product-140.html,https://cdn.jsdelivr.net/gh/Yeatru/Image@main/Images/YCS-CUP-001-001.png,,0.09 USD,in_stock,new,Yeatru Sourcing,YCS-CUP-001,,Home & Garden > Cups & Drinkware,,US,Standard DDP,0.00 USD,360ml-a13 / 500ml-b9,3,7,7,35,US,0.00,CN,no
141,Water Bottle Plastic Portable,Water Bottle Plastic Portable.,https://www.yeatru.com/product-141.html,https://cdn.jsdelivr.net/gh/Yeatru/Image@main/Images/YCS-CUP-002-001.png,,0.98 USD,in_stock,new,Yeatru Sourcing,YCS-CUP-002,,Home & Garden > Cups & Drinkware,,US,Standard DDP,0.00 USD,,3,7,7,35,US,0.00,CN,no
142,Cup Bottle Drinkware Rice,Cup Bottle Drinkware Rice.,https://www.yeatru.com/product-142.html,https://cdn.jsdelivr.net/gh/Yeatru/Image@main/Images/YCS-CUP-003.png,,1.63 USD,in_stock,new,Yeatru Sourcing,YCS-CUP-003,,Home & Garden > Cups & Drinkware,,US,Standard DDP,0.00 USD,,3,7,7,35,US,0.00,CN,no
143,Cup Bottle Drinkware Silicone,Cup Bottle Drinkware Silicone.,https://www.yeatru.com/product-143.html,https://cdn.jsdelivr.net/gh/Yeatru/Image@main/Images/YCS-CUP-004.png,,0.04 USD,in_stock,new,Yeatru Sourcing,YCS-CUP-004,,Home & Garden > Cups & Drinkware,,US,Standard DDP,0.00 USD,,3,7,7,35,US,0.00,CN,no
144,Stainless Steel Water Cup Thermal Insulated,Stainless Steel Water Cup Thermal Insulated.,https://www.yeatru.com/product-144.html,https://cdn.jsdelivr.net/gh/Yeatru/Image@main/Images/YCS-CUP-005.png,,5.49 USD,in_stock,new,Yeatru Sourcing,YCS-CUP-005,,Home & Garden > Cups & Drinkware,,US,Standard DDP,0.00 USD,250ml / 350ml / 450ml,3,7,7,35,US,0.00,CN,no
145,Black Cup Bottle Drinkware Seasoning,Black Cup Bottle Drinkware Seasoning. Available in Black.,https://www.yeatru.com/product-145.html,https://cdn.jsdelivr.net/gh/Yeatru/Image@main/Images/YCS-CUP-006.png,,5.92 USD,in_stock,new,Yeatru Sourcing,YCS-CUP-006,,Home & Garden > Cups & Drinkware,,US,Standard DDP,0.00 USD,,3,7,7,35,US,0.00,CN,no
146,Black Cup Bottle Drinkware Seasoning,Black Cup Bottle Drinkware Seasoning. Available in Black.,https://www.yeatru.com/product-146.html,https://cdn.jsdelivr.net/gh/Yeatru/Image@main/Images/YCS-CUP-007.png,,4.89 USD,in_stock,new,Yeatru Sourcing,YCS-CUP-007,,Home & Garden > Cups & Drinkware,,US,Standard DDP,0.00 USD,,3,7,7,35,US,0.00,CN,no
147,Cup Bottle Drinkware Ceramic 6 Colors,Cup Bottle Drinkware Ceramic 6 Colors.,https://www.yeatru.com/product-147.html,https://cdn.jsdelivr.net/gh/Yeatru/Image@main/Images/YCS-CUP-009.png,,2.75 USD,in_stock,new,Yeatru Sourcing,YCS-CUP-009,,Home & Garden > Cups & Drinkware,,US,Standard DDP,0.00 USD,portable handheld (130mm × 23mm ± 5mm),3,7,7,35,US,0.00,CN,no
148,Black Cup Bottle Drinkware Ceramic,Black Cup Bottle Drinkware Ceramic. Available in Black.,https://www.yeatru.com/product-148.html,https://cdn.jsdelivr.net/gh/Yeatru/Image@main/Images/YCS-CUP-010.png,,8.07 USD,in_stock,new,Yeatru Sourcing,YCS-CUP-010,,Home & Garden > Cups & Drinkware,,US,Standard DDP,0.00 USD,portable handheld (130mm × 23mm ± 5mm),3,7,7,35,US,0.00,CN,no
149,Cup Bottle Drinkware Glass,Cup Bottle Drinkware Glass.,https://www.yeatru.com/product-149.html,https://cdn.jsdelivr.net/gh/Yeatru/Image@main/Images/YCS-CUP-011.png,,223.13 USD,in_stock,new,Yeatru Sourcing,YCS-CUP-011,,Home & Garden > Cups & Drinkware,,US,Standard DDP,0.00 USD,,3,7,7,35,US,0.00,CN,no
150,Insulated Vacuum Cup Thermal Stainless Steel 5 Colors,Insulated Vacuum Cup Thermal Stainless Steel 5 Colors.,https://www.yeatru.com/product-150.html,https://cdn.jsdelivr.net/gh/Yeatru/Image@main/Images/YCS-CUP-012-001.png,,10.30 USD,in_stock,new,Yeatru Sourcing,YCS-CUP-012,,Home & Garden > Cups & Drinkware,,US,Standard DDP,0.00 USD,250ml / 350ml / 450ml,3,7,7,35,US,0.00,CN,no
151,Stainless Steel Water Cup Insulated Thermal,Stainless Steel Water Cup Insulated Thermal. Available in White.,https://www.yeatru.com/product-151.html,https://cdn.jsdelivr.net/gh/Yeatru/Image@main/Images/YCS-CUP-013.png,,3.35 USD,in_stock,new,Yeatru Sourcing,YCS-CUP-013,,Home & Garden > Cups & Drinkware,,US,Standard DDP,0.00 USD,250ml / 350ml / 450ml,3,7,7,35,US,0.00,CN,no
152,Black Stainless Steel Water Cup Insulated Thermal,Black Stainless Steel Water Cup Insulated Thermal. Available in Black.,https://www.yeatru.com/product-152.html,https://cdn.jsdelivr.net/gh/Yeatru/Image@main/Images/YCS-CUP-014.png,,2.20 USD,in_stock,new,Yeatru Sourcing,YCS-CUP-014,,Home & Garden > Cups & Drinkware,,US,Standard DDP,0.00 USD,250ml / 350ml / 450ml,3,7,7,35,US,0.00,CN,no
153,White Stainless Steel Water Cup Insulated Thermal,White Stainless Steel Water Cup Insulated Thermal. Available in White.,https://www.yeatru.com/product-153.html,https://cdn.jsdelivr.net/gh/Yeatru/Image@main/Images/YCS-CUP-015.png,,4.46 USD,in_stock,new,Yeatru Sourcing,YCS-CUP-015,,Home & Garden > Cups & Drinkware,,US,Standard DDP,0.00 USD,250ml / 350ml / 450ml,3,7,7,35,US,0.00,CN,no
154,Water Bottle Plastic Portable,Water Bottle Plastic Portable.,https://www.yeatru.com/product-154.html,https://cdn.jsdelivr.net/gh/Yeatru/Image@main/Images/YCS-CUP-016.png,,0.57 USD,in_stock,new,Yeatru Sourcing,YCS-CUP-016,,Home & Garden > Cups & Drinkware,,US,Standard DDP,0.00 USD,,3,7,7,35,US,0.00,CN,no
155,Water Cup Tumbler Portable Drinkware,Water Cup Tumbler Portable Drinkware.,https://www.yeatru.com/product-155.html,https://cdn.jsdelivr.net/gh/Yeatru/Image@main/Images/YCS-CUP-017.png,,0.03 USD,in_stock,new,Yeatru Sourcing,YCS-CUP-017,,Home & Garden > Cups & Drinkware,,US,Standard DDP,0.00 USD,,3,7,7,35,US,0.00,CN,no
156,Rice Storage Container Sealed Kitchen,Rice Storage Container Sealed Kitchen.,https://www.yeatru.com/product-156.html,https://cdn.jsdelivr.net/gh/Yeatru/Image@main/Images/YCS-CUP-018.png,,2.90 USD,in_stock,new,Yeatru Sourcing,YCS-CUP-018,,Home & Garden > Cups & Drinkware,,US,Standard DDP,0.00 USD,,3,7,7,35,US,0.00,CN,no
157,Electric Grinder Coffee Bean Automatic,Electric Grinder Coffee Bean Automatic.,https://www.yeatru.com/product-157.html,https://cdn.jsdelivr.net/gh/Yeatru/Image@main/Images/YCS-DGO-001.png,,2.73 USD,in_stock,new,Yeatru Sourcing,YCS-DGO-001,,Home & Garden > Dog Supplies,,US,Standard DDP,0.00 USD,,3,7,7,35,US,0.00,CN,no
158,Thermal Printer Portable Label Maker,Thermal Printer Portable Label Maker. Available in Black.,https://www.yeatru.com/product-158.html,https://cdn.jsdelivr.net/gh/Yeatru/Image@main/Images/YCS-DGO-002.png,,51.15 USD,in_stock,new,Yeatru Sourcing,YCS-DGO-002,,Home & Garden > Dog Supplies,,US,Standard DDP,0.00 USD,,3,7,7,35,US,0.00,CN,no
159,Thermal Printer Portable Label,Thermal Printer Portable Label.,https://www.yeatru.com/product-159.html,https://cdn.jsdelivr.net/gh/Yeatru/Image@main/Images/YCS-DGO-003.png,,41.19 USD,in_stock,new,Yeatru Sourcing,YCS-DGO-003,,Home & Garden > Dog Supplies,,US,Standard DDP,0.00 USD,,3,7,7,35,US,0.00,CN,no
160,White Thermal Printer Portable Label,"White Thermal Printer Portable Label. Available in Black, White.",https://www.yeatru.com/product-160.html,https://cdn.jsdelivr.net/gh/Yeatru/Image@main/Images/YCS-DGO-004-001.png,,44.28 USD,in_stock,new,Yeatru Sourcing,YCS-DGO-004,,Home & Garden > Dog Supplies,,US,Standard DDP,0.00 USD,,3,7,7,35,US,0.00,CN,no
161,Black Thermal Printer Portable Label,Black Thermal Printer Portable Label. Available in Black.,https://www.yeatru.com/product-161.html,https://cdn.jsdelivr.net/gh/Yeatru/Image@main/Images/YCS-DGO-005.png,,44.28 USD,in_stock,new,Yeatru Sourcing,YCS-DGO-005,,Home & Garden > Dog Supplies,,US,Standard DDP,0.00 USD,,3,7,7,35,US,0.00,CN,no
162,Electric Grinder Coffee Automatic,Electric Grinder Coffee Automatic.,https://www.yeatru.com/product-162.html,https://cdn.jsdelivr.net/gh/Yeatru/Image@main/Images/YCS-DGO-006.png,,3.35 USD,in_stock,new,Yeatru Sourcing,YCS-DGO-006,,Home & Garden > Dog Supplies,,US,Standard DDP,0.00 USD,,3,7,7,35,US,0.00,CN,no
163,Electric Grinder Coffee Automatic,Electric Grinder Coffee Automatic.,https://www.yeatru.com/product-163.html,https://cdn.jsdelivr.net/gh/Yeatru/Image@main/Images/YCS-DGO-007.png,,2.73 USD,in_stock,new,Yeatru Sourcing,YCS-DGO-007,,Home & Garden > Dog Supplies,,US,Standard DDP,0.00 USD,,3,7,7,35,US,0.00,CN,no
164,Game Controller Wireless Bluetooth,Game Controller Wireless Bluetooth. Available in Blue.,https://www.yeatru.com/product-164.html,https://cdn.jsdelivr.net/gh/Yeatru/Image@main/Images/YCS-DGO-008.png,,4.98 USD,in_stock,new,Yeatru Sourcing,YCS-DGO-008,,Home & Garden > Dog Supplies,,US,Standard DDP,0.00 USD,,3,7,7,35,US,0.00,CN,no
165,Game Controller Wireless Bluetooth,Game Controller Wireless Bluetooth. Available in Blue.,https://www.yeatru.com/product-165.html,https://cdn.jsdelivr.net/gh/Yeatru/Image@main/Images/YCS-DGO-009.png,,8.75 USD,in_stock,new,Yeatru Sourcing,YCS-DGO-009,,Home & Garden > Dog Supplies,,US,Standard DDP,0.00 USD,,3,7,7,35,US,0.00,CN,no
166,Red Game Controller Wireless,Red Game Controller Wireless. Available in Red.,https://www.yeatru.com/product-166.html,https://cdn.jsdelivr.net/gh/Yeatru/Image@main/Images/YCS-DGO-010.png,,1.53 USD,in_stock,new,Yeatru Sourcing,YCS-DGO-010,,Home & Garden > Dog Supplies,,US,Standard DDP,0.00 USD,,3,7,7,35,US,0.00,CN,no
167,Thermal Printer Portable Label,Thermal Printer Portable Label.,https://www.yeatru.com/product-167.html,https://cdn.jsdelivr.net/gh/Yeatru/Image@main/Images/YCS-DGO-011.png,,5.49 USD,in_stock,new,Yeatru Sourcing,YCS-DGO-011,,Home & Garden > Dog Supplies,,US,Standard DDP,0.00 USD,,3,7,7,35,US,0.00,CN,no
168,Game Controller Wireless Bluetooth,Game Controller Wireless Bluetooth. Available in Black.,https://www.yeatru.com/product-168.html,https://cdn.jsdelivr.net/gh/Yeatru/Image@main/Images/YCS-DGO-012.png,,5.66 USD,in_stock,new,Yeatru Sourcing,YCS-DGO-012,,Home & Garden > Dog Supplies,,US,Standard DDP,0.00 USD,,3,7,7,35,US,0.00,CN,no
169,Black 3D Printer Filament Pla 1Kg,Black 3D Printer Filament Pla 1Kg. Available in Black.,https://www.yeatru.com/product-169.html,https://cdn.jsdelivr.net/gh/Yeatru/Image@main/Images/YCS-DGO-013.png,,4.63 USD,in_stock,new,Yeatru Sourcing,YCS-DGO-013,,Home & Garden > Dog Supplies,,US,Standard DDP,0.00 USD,1 kg spool · 1.75mm (±0.03mm),3,7,7,35,US,0.00,CN,no
170,3D Printer Filament Pla 1Kg,3D Printer Filament Pla 1Kg. Available in Green.,https://www.yeatru.com/product-170.html,https://cdn.jsdelivr.net/gh/Yeatru/Image@main/Images/YCS-DGO-014.png,,5.66 USD,in_stock,new,Yeatru Sourcing,YCS-DGO-014,,Home & Garden > Dog Supplies,,US,Standard DDP,0.00 USD,1 kg spool · 1.75mm (±0.03mm),3,7,7,35,US,0.00,CN,no
171,3D Printer Filament Pla 1Kg,3D Printer Filament Pla 1Kg. Available in Pink.,https://www.yeatru.com/product-171.html,https://cdn.jsdelivr.net/gh/Yeatru/Image@main/Images/YCS-DGO-015.png,,5.83 USD,in_stock,new,Yeatru Sourcing,YCS-DGO-015,,Home & Garden > Dog Supplies,,US,Standard DDP,0.00 USD,1 kg spool · 1.75mm (±0.03mm),3,7,7,35,US,0.00,CN,no
172,Window Drying Rack Pole Indoor Retractable 100Cm,"Window Drying Rack Pole Indoor Retractable 100Cm. Sizes: 100cm, 80cm.",https://www.yeatru.com/product-172.html,https://cdn.jsdelivr.net/gh/Yeatru/Image@main/Images/YCS-DRY-001-001.png,,5.06 USD,in_stock,new,Yeatru Sourcing,YCS-DRY-001,,Home & Garden > Dry Goods,,US,Standard DDP,0.00 USD,80cm / 100cm,3,7,7,35,US,0.00,CN,no
173,Mini Portable Fan USB Rechargeable Desktop,Mini Portable Fan USB Rechargeable Desktop.,https://www.yeatru.com/product-173.html,https://cdn.jsdelivr.net/gh/Yeatru/Image@main/Images/YCS-FAN-001.png,,4.27 USD,in_stock,new,Yeatru Sourcing,YCS-FAN-001,,Home & Garden > Fans,,US,Standard DDP,0.00 USD,,3,7,7,35,US,0.00,CN,no
174,Mini USB Fan Portable Desk Cooling,Mini USB Fan Portable Desk Cooling. Available in Gold.,https://www.yeatru.com/product-174.html,https://cdn.jsdelivr.net/gh/Yeatru/Image@main/Images/YCS-FAN-002.png,,6.69 USD,in_stock,new,Yeatru Sourcing,YCS-FAN-002,,Home & Garden > Fans,,US,Standard DDP,0.00 USD,,3,7,7,35,US,0.00,CN,no
175,Mini Portable Fan USB Rechargeable,Mini Portable Fan USB Rechargeable.,https://www.yeatru.com/product-175.html,https://cdn.jsdelivr.net/gh/Yeatru/Image@main/Images/YCS-FAN-003.png,,1.97 USD,in_stock,new,Yeatru Sourcing,YCS-FAN-003,,Home & Garden > Fans,,US,Standard DDP,0.00 USD,,3,7,7,35,US,0.00,CN,no
176,Mini Portable Fan USB Rechargeable,Mini Portable Fan USB Rechargeable.,https://www.yeatru.com/product-176.html,https://cdn.jsdelivr.net/gh/Yeatru/Image@main/Images/YCS-FAN-004.png,,3.68 USD,in_stock,new,Yeatru Sourcing,YCS-FAN-004,,Home & Garden > Fans,,US,Standard DDP,0.00 USD,,3,7,7,35,US,0.00,CN,no
177,Mini Fascia Massage Gun Muscle Recovery Portable,Mini Fascia Massage Gun Muscle Recovery Portable.,https://www.yeatru.com/product-177.html,https://cdn.jsdelivr.net/gh/Yeatru/Image@main/Images/YCS-FIT-001.png,,0.27 USD,in_stock,new,Yeatru Sourcing,YCS-FIT-001,,Home & Garden > Fitness,,US,Standard DDP,0.00 USD,,3,7,7,35,US,0.00,CN,no
178,Yoga Fitness Equipment Exercise Non-Slip Mat,Yoga Fitness Equipment Exercise Non-Slip Mat.,https://www.yeatru.com/product-178.html,https://cdn.jsdelivr.net/gh/Yeatru/Image@main/Images/YCS-FIT-002.png,,0.04 USD,in_stock,new,Yeatru Sourcing,YCS-FIT-002,,Home & Garden > Fitness,,US,Standard DDP,0.00 USD,,3,7,7,35,US,0.00,CN,no
179,Knee Support Brace Sport Protection,Knee Support Brace Sport Protection.,https://www.yeatru.com/product-179.html,https://cdn.jsdelivr.net/gh/Yeatru/Image@main/Images/YCS-FIT-003.png,,15.96 USD,in_stock,new,Yeatru Sourcing,YCS-FIT-003,,Home & Garden > Fitness,,US,Standard DDP,0.00 USD,,3,7,7,35,US,0.00,CN,no
180,Knee Joint Support Sport Adjustable,Knee Joint Support Sport Adjustable.,https://www.yeatru.com/product-180.html,https://cdn.jsdelivr.net/gh/Yeatru/Image@main/Images/YCS-FIT-004.png,,15.28 USD,in_stock,new,Yeatru Sourcing,YCS-FIT-004,,Home & Garden > Fitness,,US,Standard DDP,0.00 USD,,3,7,7,35,US,0.00,CN,no
181,Resistance Band Set Fitness Workout,Resistance Band Set Fitness Workout.,https://www.yeatru.com/product-181.html,https://cdn.jsdelivr.net/gh/Yeatru/Image@main/Images/YCS-FIT-005.png,,0.09 USD,in_stock,new,Yeatru Sourcing,YCS-FIT-005,,Home & Garden > Fitness,,US,Standard DDP,0.00 USD,,3,7,7,35,US,0.00,CN,no
182,Knee Support Brace Sport Protection,Knee Support Brace Sport Protection.,https://www.yeatru.com/product-182.html,https://cdn.jsdelivr.net/gh/Yeatru/Image@main/Images/YCS-FIT-006.png,,13.04 USD,in_stock,new,Yeatru Sourcing,YCS-FIT-006,,Home & Garden > Fitness,,US,Standard DDP,0.00 USD,,3,7,7,35,US,0.00,CN,no
183,Knee Support Brace Sport Protection,Knee Support Brace Sport Protection.,https://www.yeatru.com/product-183.html,https://cdn.jsdelivr.net/gh/Yeatru/Image@main/Images/YCS-FIT-007.png,,13.04 USD,in_stock,new,Yeatru Sourcing,YCS-FIT-007,,Home & Garden > Fitness,,US,Standard DDP,0.00 USD,,3,7,7,35,US,0.00,CN,no
184,Knee Support Brace Sport Protection,Knee Support Brace Sport Protection.,https://www.yeatru.com/product-184.html,https://cdn.jsdelivr.net/gh/Yeatru/Image@main/Images/YCS-FIT-008.png,,15.28 USD,in_stock,new,Yeatru Sourcing,YCS-FIT-008,,Home & Garden > Fitness,,US,Standard DDP,0.00 USD,,3,7,7,35,US,0.00,CN,no
185,Knee Support Brace Sport Protection,Knee Support Brace Sport Protection.,https://www.yeatru.com/product-185.html,https://cdn.jsdelivr.net/gh/Yeatru/Image@main/Images/YCS-FIT-009.png,,15.96 USD,in_stock,new,Yeatru Sourcing,YCS-FIT-009,,Home & Garden > Fitness,,US,Standard DDP,0.00 USD,,3,7,7,35,US,0.00,CN,no
186,Red Boxing Speed Ball Reflex Training,"Red Boxing Speed Ball Reflex Training. Available in Black, Red.",https://www.yeatru.com/product-186.html,https://cdn.jsdelivr.net/gh/Yeatru/Image@main/Images/YCS-FIT-010-001.png,,0.79 USD,in_stock,new,Yeatru Sourcing,YCS-FIT-010,,Home & Garden > Fitness,,US,Standard DDP,0.00 USD,,3,7,7,35,US,0.00,CN,no
187,Boxing Speed Ball Reflex Training,Boxing Speed Ball Reflex Training. Available in Gold.,https://www.yeatru.com/product-187.html,https://cdn.jsdelivr.net/gh/Yeatru/Image@main/Images/YCS-FIT-011.png,,2.92 USD,in_stock,new,Yeatru Sourcing,YCS-FIT-011,,Home & Garden > Fitness,,US,Standard DDP,0.00 USD,,3,7,7,35,US,0.00,CN,no
188,Mini Fascia Massage Gun Muscle Recovery Portable,Mini Fascia Massage Gun Muscle Recovery Portable.,https://www.yeatru.com/product-188.html,https://cdn.jsdelivr.net/gh/Yeatru/Image@main/Images/YCS-FIT-012.png,,7.21 USD,in_stock,new,Yeatru Sourcing,YCS-FIT-012,,Home & Garden > Fitness,,US,Standard DDP,0.00 USD,,3,7,7,35,US,0.00,CN,no
189,Mini Fascia Massage Gun Muscle Recovery Portable,Mini Fascia Massage Gun Muscle Recovery Portable.,https://www.yeatru.com/product-189.html,https://cdn.jsdelivr.net/gh/Yeatru/Image@main/Images/YCS-FIT-013.png,,2.83 USD,in_stock,new,Yeatru Sourcing,YCS-FIT-013,,Home & Garden > Fitness,,US,Standard DDP,0.00 USD,,3,7,7,35,US,0.00,CN,no
190,Yoga Fitness Equipment Exercise Non-Slip,Yoga Fitness Equipment Exercise Non-Slip.,https://www.yeatru.com/product-190.html,https://cdn.jsdelivr.net/gh/Yeatru/Image@main/Images/YCS-FIT-014.png,,1.83 USD,in_stock,new,Yeatru Sourcing,YCS-FIT-014,,Home & Garden > Fitness,,US,Standard DDP,0.00 USD,,3,7,7,35,US,0.00,CN,no
191,White Football Soccer Gear Set 5-Piece Uniform,"White Football Soccer Gear Set 5-Piece Uniform. Available in Blue, White.",https://www.yeatru.com/product-191.html,https://cdn.jsdelivr.net/gh/Yeatru/Image@main/Images/YCS-FTB-001-001.jpg,,2.28 USD,in_stock,new,Yeatru Sourcing,YCS-FTB-001,,Home & Garden > Footwear,,US,Standard DDP,0.00 USD,,3,7,7,35,US,0.00,CN,no
192,Football Soccer Gear Set 7-Piece Uniform,Football Soccer Gear Set 7-Piece Uniform.,https://www.yeatru.com/product-192.html,https://cdn.jsdelivr.net/gh/Yeatru/Image@main/Images/YCS-FTB-002.jpg,,2.66 USD,in_stock,new,Yeatru Sourcing,YCS-FTB-002,,Home & Garden > Footwear,,US,Standard DDP,0.00 USD,,3,7,7,35,US,0.00,CN,no
193,White Football Soccer Gear Set 5-Piece Uniform,White Football Soccer Gear Set 5-Piece Uniform. Available in Black.,https://www.yeatru.com/product-193.html,https://cdn.jsdelivr.net/gh/Yeatru/Image@main/Images/YCS-FTB-003.png,,2.63 USD,in_stock,new,Yeatru Sourcing,YCS-FTB-003,,Home & Garden > Footwear,,US,Standard DDP,0.00 USD,,3,7,7,35,US,0.00,CN,no
194,Women'S Shoulder Bag Fashion Leather 2 Colors,Women'S Shoulder Bag Fashion Leather 2 Colors. Available in White. Sizes: S.,https://www.yeatru.com/product-194.html,https://cdn.jsdelivr.net/gh/Yeatru/Image@main/Images/YCS-HAB-001-001.png,,1.63 USD,in_stock,new,Yeatru Sourcing,YCS-HAB-001,,Home & Garden > Bags,,US,Standard DDP,0.00 USD,s,3,7,7,35,US,0.00,CN,no
195,White Women's Shoulder Bag Fashion Leather,White Women's Shoulder Bag Fashion Leather. Available in Black. Sizes: S.,https://www.yeatru.com/product-195.html,https://cdn.jsdelivr.net/gh/Yeatru/Image@main/Images/YCS-HAB-002.png,,3.00 USD,in_stock,new,Yeatru Sourcing,YCS-HAB-002,,Home & Garden > Bags,,US,Standard DDP,0.00 USD,s,3,7,7,35,US,0.00,CN,no
196,Women'S Shoulder Bag Fashion Leather,Women'S Shoulder Bag Fashion Leather. Sizes: S.,https://www.yeatru.com/product-196.html,https://cdn.jsdelivr.net/gh/Yeatru/Image@main/Images/YCS-HAB-003.png,,0.31 USD,in_stock,new,Yeatru Sourcing,YCS-HAB-003,,Home & Garden > Bags,,US,Standard DDP,0.00 USD,s,3,7,7,35,US,0.00,CN,no
197,Women'S Shoulder Bag Fashion Leather 5 Colors,Women'S Shoulder Bag Fashion Leather 5 Colors. Sizes: S.,https://www.yeatru.com/product-197.html,https://cdn.jsdelivr.net/gh/Yeatru/Image@main/Images/YCS-HAB-004-001.png,,2.06 USD,in_stock,new,Yeatru Sourcing,YCS-HAB-004,,Home & Garden > Bags,,US,Standard DDP,0.00 USD,s,3,7,7,35,US,0.00,CN,no
198,Handbag Women'S Lady 7 Colors,Handbag Women'S Lady 7 Colors. Sizes: S.,https://www.yeatru.com/product-198.html,https://cdn.jsdelivr.net/gh/Yeatru/Image@main/Images/YCS-HAB-005.png,,4.81 USD,in_stock,new,Yeatru Sourcing,YCS-HAB-005,,Home & Garden > Bags,,US,Standard DDP,0.00 USD,s,3,7,7,35,US,0.00,CN,no
199,Red Women'S Shoulder Bag Fashion Leather,Red Women'S Shoulder Bag Fashion Leather. Available in Red. Sizes: S.,https://www.yeatru.com/product-199.html,https://cdn.jsdelivr.net/gh/Yeatru/Image@main/Images/YCS-HAB-006.png,,6.69 USD,in_stock,new,Yeatru Sourcing,YCS-HAB-006,,Home & Garden > Bags,,US,Standard DDP,0.00 USD,s,3,7,7,35,US,0.00,CN,no
200,Women's Shoulder Bag Lace Strap Fashion Handbag,Women's Shoulder Bag Lace Strap Fashion Handbag. Sizes: S.,https://www.yeatru.com/product-200.html,https://cdn.jsdelivr.net/gh/Yeatru/Image@main/Images/YCS-HAB-007.png,,0.94 USD,in_stock,new,Yeatru Sourcing,YCS-HAB-007,,Home & Garden > Bags,,US,Standard DDP,0.00 USD,s,3,7,7,35,US,0.00,CN,no
201,White Women'S Shoulder Bag Fashion Leather,White Women'S Shoulder Bag Fashion Leather. Available in Black. Sizes: S.,https://www.yeatru.com/product-201.html,https://cdn.jsdelivr.net/gh/Yeatru/Image@main/Images/YCS-HAB-008.png,,3.00 USD,in_stock,new,Yeatru Sourcing,YCS-HAB-008,,Home & Garden > Bags,,US,Standard DDP,0.00 USD,s,3,7,7,35,US,0.00,CN,no
202,Black Women'S Shoulder Bag Fashion Leather,Black Women'S Shoulder Bag Fashion Leather. Available in Black. Sizes: S.,https://www.yeatru.com/product-202.html,https://cdn.jsdelivr.net/gh/Yeatru/Image@main/Images/YCS-HAB-009.png,,3.36 USD,in_stock,new,Yeatru Sourcing,YCS-HAB-009,,Home & Garden > Bags,,US,Standard DDP,0.00 USD,s,3,7,7,35,US,0.00,CN,no
203,Brown Women'S Shoulder Bag Fashion Leather,Brown Women'S Shoulder Bag Fashion Leather. Available in Brown. Sizes: S.,https://www.yeatru.com/product-203.html,https://cdn.jsdelivr.net/gh/Yeatru/Image@main/Images/YCS-HAB-010.png,,5.49 USD,in_stock,new,Yeatru Sourcing,YCS-HAB-010,,Home & Garden > Bags,,US,Standard DDP,0.00 USD,s,3,7,7,35,US,0.00,CN,no
204,Purple Women'S Shoulder Bag Fashion Leather,Purple Women'S Shoulder Bag Fashion Leather. Available in Purple. Sizes: S.,https://www.yeatru.com/product-204.html,https://cdn.jsdelivr.net/gh/Yeatru/Image@main/Images/YCS-HAB-011.png,,7.21 USD,in_stock,new,Yeatru Sourcing,YCS-HAB-011,,Home & Garden > Bags,,US,Standard DDP,0.00 USD,s,3,7,7,35,US,0.00,CN,no
205,Black Women'S Shoulder Bag Fashion Leather,Black Women'S Shoulder Bag Fashion Leather. Available in Black. Sizes: S.,https://www.yeatru.com/product-205.html,https://cdn.jsdelivr.net/gh/Yeatru/Image@main/Images/YCS-HAB-012.png,,5.49 USD,in_stock,new,Yeatru Sourcing,YCS-HAB-012,,Home & Garden > Bags,,US,Standard DDP,0.00 USD,s,3,7,7,35,US,0.00,CN,no
206,Women's Leather Handbag Shoulder Bag Pink Tan with Metal Hardware,Women's Leather Handbag Shoulder Bag Pink Tan with Metal Hardware. Available in Pink. Sizes: S.,https://www.yeatru.com/product-206.html,https://cdn.jsdelivr.net/gh/Yeatru/Image@main/Images/YCS-HAB-013.png,,1.37 USD,in_stock,new,Yeatru Sourcing,YCS-HAB-013,,Home & Garden > Bags,,US,Standard DDP,0.00 USD,s,3,7,7,35,US,0.00,CN,no
207,Black Waist Bag Fanny Pack Crossbody Travel,Black Waist Bag Fanny Pack Crossbody Travel. Available in Black.,https://www.yeatru.com/product-207.html,https://cdn.jsdelivr.net/gh/Yeatru/Image@main/Images/YCS-HAB-014.png,,0.98 USD,in_stock,new,Yeatru Sourcing,YCS-HAB-014,,Home & Garden > Bags,,US,Standard DDP,0.00 USD,,3,7,7,35,US,0.00,CN,no
208,Home Accessory Water Gun 5 Colors Garden,Home Accessory Water Gun 5 Colors Garden.,https://www.yeatru.com/product-208.html,https://cdn.jsdelivr.net/gh/Yeatru/Image@main/Images/YCS-HOM-001.png,,0.20 USD,in_stock,new,Yeatru Sourcing,YCS-HOM-001,,Home & Garden > Home & Garden,,US,Standard DDP,0.00 USD,,3,7,7,35,US,0.00,CN,no
209,Black Shower Head Set Handheld High Pressure,Black Shower Head Set Handheld High Pressure. Available in Black.,https://www.yeatru.com/product-209.html,https://cdn.jsdelivr.net/gh/Yeatru/Image@main/Images/YCS-HOM-002.png,,18.88 USD,in_stock,new,Yeatru Sourcing,YCS-HOM-002,,Home & Garden > Home & Garden,,US,Standard DDP,0.00 USD,,3,7,7,35,US,0.00,CN,no
210,Home Accessory Daily Use Portable,Home Accessory Daily Use Portable.,https://www.yeatru.com/product-210.html,https://cdn.jsdelivr.net/gh/Yeatru/Image@main/Images/YCS-HOM-003.png,,120.15 USD,in_stock,new,Yeatru Sourcing,YCS-HOM-003,,Home & Garden > Home & Garden,,US,Standard DDP,0.00 USD,,3,7,7,35,US,0.00,CN,no
211,Shower Curtain Waterproof Bathroom 180X180,Shower Curtain Waterproof Bathroom 180X180. Sizes: 180x180.,https://www.yeatru.com/product-211.html,https://cdn.jsdelivr.net/gh/Yeatru/Image@main/Images/YCS-HOM-004.png,,1.68 USD,in_stock,new,Yeatru Sourcing,YCS-HOM-004,,Home & Garden > Home & Garden,,US,Standard DDP,0.00 USD,180x180,3,7,7,35,US,0.00,CN,no
212,Trash Can Waste Bin Pedal Kitchen,Trash Can Waste Bin Pedal Kitchen.,https://www.yeatru.com/product-212.html,https://cdn.jsdelivr.net/gh/Yeatru/Image@main/Images/YCS-HOM-005.png,,4.10 USD,in_stock,new,Yeatru Sourcing,YCS-HOM-005,,Home & Garden > Home & Garden,,US,Standard DDP,0.00 USD,10l / 15l / 20l (per variant),3,7,7,35,US,0.00,CN,no
213,Stretch Film Wrap Packaging Food Grade,Stretch Film Wrap Packaging Food Grade.,https://www.yeatru.com/product-213.html,https://cdn.jsdelivr.net/gh/Yeatru/Image@main/Images/YCS-HOM-006.png,,13.22 USD,in_stock,new,Yeatru Sourcing,YCS-HOM-006,,Home & Garden > Home & Garden,,US,Standard DDP,0.00 USD,,3,7,7,35,US,0.00,CN,no
214,Bubble Wrap Bags Packaging Protective,Bubble Wrap Bags Packaging Protective.,https://www.yeatru.com/product-214.html,https://cdn.jsdelivr.net/gh/Yeatru/Image@main/Images/YCS-HOM-007.png,,6.09 USD,in_stock,new,Yeatru Sourcing,YCS-HOM-007,,Home & Garden > Home & Garden,,US,Standard DDP,0.00 USD,,3,7,7,35,US,0.00,CN,no
215,Home Accessory Daily Use Bubble,Home Accessory Daily Use Bubble.,https://www.yeatru.com/product-215.html,https://cdn.jsdelivr.net/gh/Yeatru/Image@main/Images/YCS-HOM-008.png,,1.70 USD,in_stock,new,Yeatru Sourcing,YCS-HOM-008,,Home & Garden > Home & Garden,,US,Standard DDP,0.00 USD,,3,7,7,35,US,0.00,CN,no
216,High Pressure Water Gun Car Wash Garden,High Pressure Water Gun Car Wash Garden.,https://www.yeatru.com/product-216.html,https://cdn.jsdelivr.net/gh/Yeatru/Image@main/Images/YCS-HOM-009.png,,9.85 USD,in_stock,new,Yeatru Sourcing,YCS-HOM-009,,Home & Garden > Home & Garden,,US,Standard DDP,0.00 USD,,3,7,7,35,US,0.00,CN,no
217,Electric Air Pump Portable Tire,Electric Air Pump Portable Tire.,https://www.yeatru.com/product-217.html,https://cdn.jsdelivr.net/gh/Yeatru/Image@main/Images/YCS-HOM-010.png,,7.50 USD,in_stock,new,Yeatru Sourcing,YCS-HOM-010,,Home & Garden > Home & Garden,,US,Standard DDP,0.00 USD,,3,7,7,35,US,0.00,CN,no
218,High Pressure Water Gun Car Wash Garden,High Pressure Water Gun Car Wash Garden.,https://www.yeatru.com/product-218.html,https://cdn.jsdelivr.net/gh/Yeatru/Image@main/Images/YCS-HOM-011-001.png,,6.35 USD,in_stock,new,Yeatru Sourcing,YCS-HOM-011,,Home & Garden > Home & Garden,,US,Standard DDP,0.00 USD,,3,7,7,35,US,0.00,CN,no
219,High Pressure Washer Electric Cleaning,High Pressure Washer Electric Cleaning.,https://www.yeatru.com/product-219.html,https://cdn.jsdelivr.net/gh/Yeatru/Image@main/Images/YCS-HOM-012.png,,44.80 USD,in_stock,new,Yeatru Sourcing,YCS-HOM-012,,Home & Garden > Home & Garden,,US,Standard DDP,0.00 USD,,3,7,7,35,US,0.00,CN,no
220,High Pressure Water Gun Car Wash Garden,High Pressure Water Gun Car Wash Garden.,https://www.yeatru.com/product-220.html,https://cdn.jsdelivr.net/gh/Yeatru/Image@main/Images/YCS-HOM-013.png,,20.08 USD,in_stock,new,Yeatru Sourcing,YCS-HOM-013,,Home & Garden > Home & Garden,,US,Standard DDP,0.00 USD,,3,7,7,35,US,0.00,CN,no
221,Home Accessory Daily Use Car,Home Accessory Daily Use Car.,https://www.yeatru.com/product-221.html,https://cdn.jsdelivr.net/gh/Yeatru/Image@main/Images/YCS-HOM-014.png,,27.63 USD,in_stock,new,Yeatru Sourcing,YCS-HOM-014,,Home & Garden > Home & Garden,,US,Standard DDP,0.00 USD,,3,7,7,35,US,0.00,CN,no
222,Expandable Water Hose Flexible Garden 25Ft,"Expandable Water Hose Flexible Garden 25Ft. Sizes: 25FT, 50FT, 75FT.",https://www.yeatru.com/product-222.html,https://cdn.jsdelivr.net/gh/Yeatru/Image@main/Images/YCS-HOM-015-001.png,,1.12 USD,in_stock,new,Yeatru Sourcing,YCS-HOM-015,,Home & Garden > Home & Garden,,US,Standard DDP,0.00 USD,25ft / 50ft / 75ft,3,7,7,35,US,0.00,CN,no
223,Home Accessory Daily Use Wireless,Home Accessory Daily Use Wireless.,https://www.yeatru.com/product-223.html,https://cdn.jsdelivr.net/gh/Yeatru/Image@main/Images/YCS-HOM-016.png,,12.70 USD,in_stock,new,Yeatru Sourcing,YCS-HOM-016,,Home & Garden > Home & Garden,,US,Standard DDP,0.00 USD,,3,7,7,35,US,0.00,CN,no
224,Electric Water Pump Automatic Bottle 2 Colors,Electric Water Pump Automatic Bottle 2 Colors.,https://www.yeatru.com/product-224.html,https://cdn.jsdelivr.net/gh/Yeatru/Image@main/Images/YCS-HOM-017.png,,0.96 USD,in_stock,new,Yeatru Sourcing,YCS-HOM-017,,Home & Garden > Home & Garden,,US,Standard DDP,0.00 USD,,3,7,7,35,US,0.00,CN,no
225,White Electric Water Pump Automatic Bottle,White Electric Water Pump Automatic Bottle. Available in White.,https://www.yeatru.com/product-225.html,https://cdn.jsdelivr.net/gh/Yeatru/Image@main/Images/YCS-HOM-018.png,,1.00 USD,in_stock,new,Yeatru Sourcing,YCS-HOM-018,,Home & Garden > Home & Garden,,US,Standard DDP,0.00 USD,,3,7,7,35,US,0.00,CN,no
226,Home Accessory Daily Use Portable,Home Accessory Daily Use Portable.,https://www.yeatru.com/product-226.html,https://cdn.jsdelivr.net/gh/Yeatru/Image@main/Images/YCS-HOM-019.png,,9.78 USD,in_stock,new,Yeatru Sourcing,YCS-HOM-019,,Home & Garden > Home & Garden,,US,Standard DDP,0.00 USD,,3,7,7,35,US,0.00,CN,no
227,Blue Electric Water Pump Automatic Bottle,Blue Electric Water Pump Automatic Bottle. Available in Blue.,https://www.yeatru.com/product-227.html,https://cdn.jsdelivr.net/gh/Yeatru/Image@main/Images/YCS-HOM-020.png,,0.62 USD,in_stock,new,Yeatru Sourcing,YCS-HOM-020,,Home & Garden > Home & Garden,,US,Standard DDP,0.00 USD,,3,7,7,35,US,0.00,CN,no
228,White Electric Water Pump Automatic Bottle,White Electric Water Pump Automatic Bottle. Available in White.,https://www.yeatru.com/product-228.html,https://cdn.jsdelivr.net/gh/Yeatru/Image@main/Images/YCS-HOM-021.png,,1.12 USD,in_stock,new,Yeatru Sourcing,YCS-HOM-021,,Home & Garden > Home & Garden,,US,Standard DDP,0.00 USD,,3,7,7,35,US,0.00,CN,no
229,Electric Mosquito Swatter Rechargeable LED Light,Electric Mosquito Swatter Rechargeable LED Light.,https://www.yeatru.com/product-229.html,https://cdn.jsdelivr.net/gh/Yeatru/Image@main/Images/YCS-HOM-022.png,,1.79 USD,in_stock,new,Yeatru Sourcing,YCS-HOM-022,,Home & Garden > Home & Garden,,US,Standard DDP,0.00 USD,,3,7,7,35,US,0.00,CN,no
230,Trash Can Waste Bin Pedal Kitchen 10L,"Trash Can Waste Bin Pedal Kitchen 10L. Sizes: 10L, 15L.",https://www.yeatru.com/product-230.html,https://cdn.jsdelivr.net/gh/Yeatru/Image@main/Images/YCS-HOM-023-001.png,,1.01 USD,in_stock,new,Yeatru Sourcing,YCS-HOM-023,,Home & Garden > Home & Garden,,US,Standard DDP,0.00 USD,10l / 15l,3,7,7,35,US,0.00,CN,no
231,Memory Foam Pillow Neck Support Sleep,Memory Foam Pillow Neck Support Sleep.,https://www.yeatru.com/product-231.html,https://cdn.jsdelivr.net/gh/Yeatru/Image@main/Images/YCS-HOM-024.png,,1.17 USD,in_stock,new,Yeatru Sourcing,YCS-HOM-024,,Home & Garden > Home & Garden,,US,Standard DDP,0.00 USD,,3,7,7,35,US,0.00,CN,no
232,Nano Double-Sided Tape Washable Heavy Duty,"Nano Double-Sided Tape Washable Heavy Duty. Available in 1mm thickness, 2mm thickness. Sizes: 10 mm width.",https://www.yeatru.com/product-232.html,https://cdn.jsdelivr.net/gh/Yeatru/Image@main/Images/YCS-HWR-001-001.jpg,,0.14 USD,in_stock,new,Yeatru Sourcing,YCS-HWR-001,,Home & Garden > Hardware,,US,Standard DDP,0.00 USD,10 mm width,3,7,7,35,US,0.00,CN,no
233,Nano Double-Sided Tape Washable Reusable,Nano Double-Sided Tape Washable Reusable.,https://www.yeatru.com/product-233.html,https://cdn.jsdelivr.net/gh/Yeatru/Image@main/Images/YCS-HWR-003.png,,0.04 USD,in_stock,new,Yeatru Sourcing,YCS-HWR-003,,Home & Garden > Hardware,,US,Standard DDP,0.00 USD,,3,7,7,35,US,0.00,CN,no
234,Silicone Corner Protector Baby Safety Soft,Silicone Corner Protector Baby Safety Soft.,https://www.yeatru.com/product-234.html,https://cdn.jsdelivr.net/gh/Yeatru/Image@main/Images/YCS-HWR-004.png,,0.30 USD,in_stock,new,Yeatru Sourcing,YCS-HWR-004,,Home & Garden > Hardware,,US,Standard DDP,0.00 USD,,3,7,7,35,US,0.00,CN,no
235,Clear Corner Protector Baby Safety Transparent,Clear Corner Protector Baby Safety Transparent.,https://www.yeatru.com/product-235.html,https://cdn.jsdelivr.net/gh/Yeatru/Image@main/Images/YCS-HWR-005.png,,0.03 USD,in_stock,new,Yeatru Sourcing,YCS-HWR-005,,Home & Garden > Hardware,,US,Standard DDP,0.00 USD,,3,7,7,35,US,0.00,CN,no
236,Switch Protection Cover Dustproof Universal,Switch Protection Cover Dustproof Universal.,https://www.yeatru.com/product-236.html,https://cdn.jsdelivr.net/gh/Yeatru/Image@main/Images/YCS-HWR-006.png,,1.20 USD,in_stock,new,Yeatru Sourcing,YCS-HWR-006,,Home & Garden > Hardware,,US,Standard DDP,0.00 USD,,3,7,7,35,US,0.00,CN,no
237,Corner Protector Guards Baby Safety Furniture,Corner Protector Guards Baby Safety Furniture.,https://www.yeatru.com/product-237.html,https://cdn.jsdelivr.net/gh/Yeatru/Image@main/Images/YCS-HWR-007.png,,2.92 USD,in_stock,new,Yeatru Sourcing,YCS-HWR-007,,Home & Garden > Hardware,,US,Standard DDP,0.00 USD,,3,7,7,35,US,0.00,CN,no
238,Corner Protector Guards Baby Safety Furniture,Corner Protector Guards Baby Safety Furniture.,https://www.yeatru.com/product-238.html,https://cdn.jsdelivr.net/gh/Yeatru/Image@main/Images/YCS-HWR-008.png,,2.92 USD,in_stock,new,Yeatru Sourcing,YCS-HWR-008,,Home & Garden > Hardware,,US,Standard DDP,0.00 USD,,3,7,7,35,US,0.00,CN,no
239,Corner Protector Guards Baby Safety Furniture,Corner Protector Guards Baby Safety Furniture.,https://www.yeatru.com/product-239.html,https://cdn.jsdelivr.net/gh/Yeatru/Image@main/Images/YCS-HWR-009.png,,2.92 USD,in_stock,new,Yeatru Sourcing,YCS-HWR-009,,Home & Garden > Hardware,,US,Standard DDP,0.00 USD,,3,7,7,35,US,0.00,CN,no
240,Clear Corner Protector Baby Safety Transparent,Clear Corner Protector Baby Safety Transparent.,https://www.yeatru.com/product-240.html,https://cdn.jsdelivr.net/gh/Yeatru/Image@main/Images/YCS-HWR-010.png,,0.13 USD,in_stock,new,Yeatru Sourcing,YCS-HWR-010,,Home & Garden > Hardware,,US,Standard DDP,0.00 USD,,3,7,7,35,US,0.00,CN,no
241,Waffle Maker Machine Non-Stick Kitchen,Waffle Maker Machine Non-Stick Kitchen.,https://www.yeatru.com/product-241.html,https://cdn.jsdelivr.net/gh/Yeatru/Image@main/Images/YCS-KAP-001.png,,0.11 USD,in_stock,new,Yeatru Sourcing,YCS-KAP-001,,Home & Garden > KAP,,US,Standard DDP,0.00 USD,,3,7,7,35,US,0.00,CN,no
242,Portable Juicer Cup USB Rechargeable Fruit,Portable Juicer Cup USB Rechargeable Fruit.,https://www.yeatru.com/product-242.html,https://cdn.jsdelivr.net/gh/Yeatru/Image@main/Images/YCS-KAP-002.png,,13.30 USD,in_stock,new,Yeatru Sourcing,YCS-KAP-002,,Home & Garden > KAP,,US,Standard DDP,0.00 USD,,3,7,7,35,US,0.00,CN,no
243,Sparkling Water Maker Machine Diy Carbonation,Sparkling Water Maker Machine Diy Carbonation.,https://www.yeatru.com/product-243.html,https://cdn.jsdelivr.net/gh/Yeatru/Image@main/Images/YCS-KAP-003.png,,1.70 USD,in_stock,new,Yeatru Sourcing,YCS-KAP-003,,Home & Garden > KAP,,US,Standard DDP,0.00 USD,,3,7,7,35,US,0.00,CN,no
244,Capacitive Stylus Pen Touch Screen Tablet,Capacitive Stylus Pen Touch Screen Tablet.,https://www.yeatru.com/product-244.html,https://cdn.jsdelivr.net/gh/Yeatru/Image@main/Images/YCS-KBM-001.png,,9.61 USD,in_stock,new,Yeatru Sourcing,YCS-KBM-001,,Consumer Electronics > Kitchen/Bath,,US,Standard DDP,0.00 USD,,3,7,7,35,US,0.00,CN,no
245,2.4G Wireless Keyboard Backlit Battery Powered,2.4G Wireless Keyboard Backlit Battery Powered.,https://www.yeatru.com/product-245.html,https://cdn.jsdelivr.net/gh/Yeatru/Image@main/Images/YCS-KBM-002.png,,2.83 USD,in_stock,new,Yeatru Sourcing,YCS-KBM-002,,Consumer Electronics > Kitchen/Bath,,US,Standard DDP,0.00 USD,2000–10000 mah (sizes depend on variant),3,7,7,35,US,0.00,CN,no
246,Wireless Mouse USB Silent Click,Wireless Mouse USB Silent Click.,https://www.yeatru.com/product-246.html,https://cdn.jsdelivr.net/gh/Yeatru/Image@main/Images/YCS-KBM-003.png,,2.71 USD,in_stock,new,Yeatru Sourcing,YCS-KBM-003,,Consumer Electronics > Kitchen/Bath,,US,Standard DDP,0.00 USD,,3,7,7,35,US,0.00,CN,no
247,Dual Mode Wireless Mouse Rechargeable Silent,Dual Mode Wireless Mouse Rechargeable Silent.,https://www.yeatru.com/product-247.html,https://cdn.jsdelivr.net/gh/Yeatru/Image@main/Images/YCS-KBM-004.png,,2.63 USD,in_stock,new,Yeatru Sourcing,YCS-KBM-004,,Consumer Electronics > Kitchen/Bath,,US,Standard DDP,0.00 USD,,3,7,7,35,US,0.00,CN,no
248,Children's Learning Tablet 7 Inch Educational,Children's Learning Tablet 7 Inch Educational. Sizes: 7寸.,https://www.yeatru.com/product-248.html,https://cdn.jsdelivr.net/gh/Yeatru/Image@main/Images/YCS-KID-001.png,,6.80 USD,in_stock,new,Yeatru Sourcing,YCS-KID-001,,Home & Garden > Kids,,US,Standard DDP,0.00 USD,7寸,3,7,7,35,US,0.00,CN,no
249,Kids' Bathrobe Children Cotton Robe,Kids' Bathrobe Children Cotton Robe.,https://www.yeatru.com/product-249.html,https://cdn.jsdelivr.net/gh/Yeatru/Image@main/Images/YCS-KID-002.png,,0.84 USD,in_stock,new,Yeatru Sourcing,YCS-KID-002,,Home & Garden > Kids,,US,Standard DDP,0.00 USD,,3,7,7,35,US,0.00,CN,no
250,Kids' Product Children Learning Educational,Kids' Product Children Learning Educational.,https://www.yeatru.com/product-250.html,https://cdn.jsdelivr.net/gh/Yeatru/Image@main/Images/YCS-KID-003.png,,0.04 USD,in_stock,new,Yeatru Sourcing,YCS-KID-003,,Home & Garden > Kids,,US,Standard DDP,0.00 USD,,3,7,7,35,US,0.00,CN,no
251,Kids' Product Children Leggings,Kids' Product Children Leggings.,https://www.yeatru.com/product-251.html,https://cdn.jsdelivr.net/gh/Yeatru/Image@main/Images/YCS-KID-004.png,,0.04 USD,in_stock,new,Yeatru Sourcing,YCS-KID-004,,Home & Garden > Kids,,US,Standard DDP,0.00 USD,,3,7,7,35,US,0.00,CN,no
252,Child Safety Lock Cabinet Baby Proofing,"Child Safety Lock Cabinet Baby Proofing. Available in Black, Gray, White.",https://www.yeatru.com/product-252.html,https://cdn.jsdelivr.net/gh/Yeatru/Image@main/Images/YCS-KID-005-001.png,,0.77 USD,in_stock,new,Yeatru Sourcing,YCS-KID-005,,Home & Garden > Kids,,US,Standard DDP,0.00 USD,,3,7,7,35,US,0.00,CN,no
253,Kids' Product Children English,Kids' Product Children English.,https://www.yeatru.com/product-253.html,https://cdn.jsdelivr.net/gh/Yeatru/Image@main/Images/YCS-KID-006.png,,2.15 USD,in_stock,new,Yeatru Sourcing,YCS-KID-006,,Home & Garden > Kids,,US,Standard DDP,0.00 USD,,3,7,7,35,US,0.00,CN,no
254,White Child Safety Square Lock Cabinet Baby Proof,"White Child Safety Square Lock Cabinet Baby Proof. Available in Black, Blue, Pink, White.",https://www.yeatru.com/product-254.html,https://cdn.jsdelivr.net/gh/Yeatru/Image@main/Images/YCS-KID-007-001.png,,10.30 USD,in_stock,new,Yeatru Sourcing,YCS-KID-007,,Home & Garden > Kids,,US,Standard DDP,0.00 USD,,3,7,7,35,US,0.00,CN,no
255,Russian Children Encyclopedia Large Format Book,Russian Children Encyclopedia Large Format Book.,https://www.yeatru.com/product-255.html,https://cdn.jsdelivr.net/gh/Yeatru/Image@main/Images/YCS-KID-008.png,,4.63 USD,in_stock,new,Yeatru Sourcing,YCS-KID-008,,Home & Garden > Kids,,US,Standard DDP,0.00 USD,,3,7,7,35,US,0.00,CN,no
256,Russian Number Alphabet Learning Book Kids,Russian Number Alphabet Learning Book Kids.,https://www.yeatru.com/product-256.html,https://cdn.jsdelivr.net/gh/Yeatru/Image@main/Images/YCS-KID-009.png,,4.63 USD,in_stock,new,Yeatru Sourcing,YCS-KID-009,,Home & Garden > Kids,,US,Standard DDP,0.00 USD,,3,7,7,35,US,0.00,CN,no
257,Russian World Around Us Children Book,Russian World Around Us Children Book.,https://www.yeatru.com/product-257.html,https://cdn.jsdelivr.net/gh/Yeatru/Image@main/Images/YCS-KID-010.png,,4.63 USD,in_stock,new,Yeatru Sourcing,YCS-KID-010,,Home & Garden > Kids,,US,Standard DDP,0.00 USD,,3,7,7,35,US,0.00,CN,no
258,Uzbek E-Book Reader ZHY-5002 Kids Learning,Uzbek E-Book Reader ZHY-5002 Kids Learning.,https://www.yeatru.com/product-258.html,https://cdn.jsdelivr.net/gh/Yeatru/Image@main/Images/YCS-KID-011.png,,2.57 USD,in_stock,new,Yeatru Sourcing,YCS-KID-011,,Home & Garden > Kids,,US,Standard DDP,0.00 USD,,3,7,7,35,US,0.00,CN,no
259,Uzbek Audio Reading Pen ZHY-5001 Kids Learning,Uzbek Audio Reading Pen ZHY-5001 Kids Learning.,https://www.yeatru.com/product-259.html,https://cdn.jsdelivr.net/gh/Yeatru/Image@main/Images/YCS-KID-012.png,,4.63 USD,in_stock,new,Yeatru Sourcing,YCS-KID-012,,Home & Garden > Kids,,US,Standard DDP,0.00 USD,,3,7,7,35,US,0.00,CN,no
260,Russian English Bilingual Audio Book LWB426,Russian English Bilingual Audio Book LWB426.,https://www.yeatru.com/product-260.html,https://cdn.jsdelivr.net/gh/Yeatru/Image@main/Images/YCS-KID-013.png,,3.90 USD,in_stock,new,Yeatru Sourcing,YCS-KID-013,,Home & Garden > Kids,,US,Standard DDP,0.00 USD,,3,7,7,35,US,0.00,CN,no
261,Kids' Product Children Doctor,Kids' Product Children Doctor.,https://www.yeatru.com/product-261.html,https://cdn.jsdelivr.net/gh/Yeatru/Image@main/Images/YCS-KID-014.png,,1.03 USD,in_stock,new,Yeatru Sourcing,YCS-KID-014,,Home & Garden > Kids,,US,Standard DDP,0.00 USD,,3,7,7,35,US,0.00,CN,no
262,Kids' Product Children Badminton,Kids' Product Children Badminton.,https://www.yeatru.com/product-262.html,https://cdn.jsdelivr.net/gh/Yeatru/Image@main/Images/YCS-KID-015.png,,3.24 USD,in_stock,new,Yeatru Sourcing,YCS-KID-015,,Home & Garden > Kids,,US,Standard DDP,0.00 USD,,3,7,7,35,US,0.00,CN,no
263,Children'S Learning Tablet Educational Interactive,Children'S Learning Tablet Educational Interactive. Sizes: 7英寸.,https://www.yeatru.com/product-263.html,https://cdn.jsdelivr.net/gh/Yeatru/Image@main/Images/YCS-KID-016.png,,18.02 USD,in_stock,new,Yeatru Sourcing,YCS-KID-016,,Home & Garden > Kids,,US,Standard DDP,0.00 USD,7英寸,3,7,7,35,US,0.00,CN,no
264,Kids' Product Children Performance,Kids' Product Children Performance.,https://www.yeatru.com/product-264.html,https://cdn.jsdelivr.net/gh/Yeatru/Image@main/Images/YCS-KID-017.png,,1.94 USD,in_stock,new,Yeatru Sourcing,YCS-KID-017,,Home & Garden > Kids,,US,Standard DDP,0.00 USD,,3,7,7,35,US,0.00,CN,no
265,White Kids' Product Children,White Kids' Product Children. Available in White.,https://www.yeatru.com/product-265.html,https://cdn.jsdelivr.net/gh/Yeatru/Image@main/Images/YCS-KID-018.png,,0.46 USD,in_stock,new,Yeatru Sourcing,YCS-KID-018,,Home & Garden > Kids,,US,Standard DDP,0.00 USD,,3,7,7,35,US,0.00,CN,no
266,White Football Soccer Gear Set 5-Piece Uniform,White Football Soccer Gear Set 5-Piece Uniform. Available in Black. Sizes: L/M/S.,https://www.yeatru.com/product-266.html,https://cdn.jsdelivr.net/gh/Yeatru/Image@main/Images/YCS-KID-019.png,,2.57 USD,in_stock,new,Yeatru Sourcing,YCS-KID-019,,Home & Garden > Kids,,US,Standard DDP,0.00 USD,l/m/s,3,7,7,35,US,0.00,CN,no
267,Wooden Fruit Plate Stand 3-Tier Display,Wooden Fruit Plate Stand 3-Tier Display. Sizes: 3 Layers.,https://www.yeatru.com/product-267.html,https://cdn.jsdelivr.net/gh/Yeatru/Image@main/Images/YCS-KST-001.png,,5.41 USD,in_stock,new,Yeatru Sourcing,YCS-KST-001,,Consumer Electronics > Kitchen Storage,,US,Standard DDP,0.00 USD,3 layers,3,7,7,35,US,0.00,CN,no
268,Rotating Spice Rack Kitchen Organizer Countertop,Rotating Spice Rack Kitchen Organizer Countertop.,https://www.yeatru.com/product-268.html,https://cdn.jsdelivr.net/gh/Yeatru/Image@main/Images/YCS-KST-002.png,,1.29 USD,in_stock,new,Yeatru Sourcing,YCS-KST-002,,Consumer Electronics > Kitchen Storage,,US,Standard DDP,0.00 USD,custom size (sizes depend on variant),3,7,7,35,US,0.00,CN,no
269,Rotating Spice Rack Seasoning Storage,Rotating Spice Rack Seasoning Storage.,https://www.yeatru.com/product-269.html,https://cdn.jsdelivr.net/gh/Yeatru/Image@main/Images/YCS-KST-003-001.png,,1.58 USD,in_stock,new,Yeatru Sourcing,YCS-KST-003,,Consumer Electronics > Kitchen Storage,,US,Standard DDP,0.00 USD,custom size (sizes depend on variant),3,7,7,35,US,0.00,CN,no
270,Black Shoe Rack Coat Stand Freestanding Metal 80Cm 5-Layer,Black Shoe Rack Coat Stand Freestanding Metal 80Cm 5-Layer. Available in Black. Sizes: 80cm.,https://www.yeatru.com/product-270.html,https://cdn.jsdelivr.net/gh/Yeatru/Image@main/Images/YCS-KST-004.png,,2.27 USD,in_stock,new,Yeatru Sourcing,YCS-KST-004,,Consumer Electronics > Kitchen Storage,,US,Standard DDP,0.00 USD,80cm,3,7,7,35,US,0.00,CN,no
271,Kitchen Storage Rack Organizer Dish,Kitchen Storage Rack Organizer Dish.,https://www.yeatru.com/product-271.html,https://cdn.jsdelivr.net/gh/Yeatru/Image@main/Images/YCS-KST-005.png,,1.36 USD,in_stock,new,Yeatru Sourcing,YCS-KST-005,,Consumer Electronics > Kitchen Storage,,US,Standard DDP,0.00 USD,custom size (sizes depend on variant),3,7,7,35,US,0.00,CN,no
272,Kitchen Storage Rack Organizer Car,Kitchen Storage Rack Organizer Car.,https://www.yeatru.com/product-272.html,https://cdn.jsdelivr.net/gh/Yeatru/Image@main/Images/YCS-KST-006.png,,599.72 USD,in_stock,new,Yeatru Sourcing,YCS-KST-006,,Consumer Electronics > Kitchen Storage,,US,Standard DDP,0.00 USD,custom size (sizes depend on variant),3,7,7,35,US,0.00,CN,no
273,Kitchen Storage Rack Organizer Mat,Kitchen Storage Rack Organizer Mat.,https://www.yeatru.com/product-273.html,https://cdn.jsdelivr.net/gh/Yeatru/Image@main/Images/YCS-KST-007.jpg,,8.24 USD,in_stock,new,Yeatru Sourcing,YCS-KST-007,,Consumer Electronics > Kitchen Storage,,US,Standard DDP,0.00 USD,custom size (sizes depend on variant),3,7,7,35,US,0.00,CN,no
274,Rotating Spice Rack Kitchen Organizer Countertop,Rotating Spice Rack Kitchen Organizer Countertop.,https://www.yeatru.com/product-274.html,https://cdn.jsdelivr.net/gh/Yeatru/Image@main/Images/YCS-KST-008.png,,3.78 USD,in_stock,new,Yeatru Sourcing,YCS-KST-008,,Consumer Electronics > Kitchen Storage,,US,Standard DDP,0.00 USD,custom size (sizes depend on variant),3,7,7,35,US,0.00,CN,no
275,X-Type Shoe Rack Storage Organizer Metal,X-Type Shoe Rack Storage Organizer Metal.,https://www.yeatru.com/product-275.html,https://cdn.jsdelivr.net/gh/Yeatru/Image@main/Images/YCS-KST-009.png,,2.49 USD,in_stock,new,Yeatru Sourcing,YCS-KST-009,,Consumer Electronics > Kitchen Storage,,US,Standard DDP,0.00 USD,custom size (sizes depend on variant),3,7,7,35,US,0.00,CN,no
276,Black Shoe Rack Coat Stand Freestanding Metal 5-Layer,Black Shoe Rack Coat Stand Freestanding Metal 5-Layer. Available in Black. Sizes: 5 Layers.,https://www.yeatru.com/product-276.html,https://cdn.jsdelivr.net/gh/Yeatru/Image@main/Images/YCS-KST-010-001.png,,0.94 USD,in_stock,new,Yeatru Sourcing,YCS-KST-010,,Consumer Electronics > Kitchen Storage,,US,Standard DDP,0.00 USD,5 layers,3,7,7,35,US,0.00,CN,no
277,Black Kitchen Storage Rack Organizer Coat,Black Kitchen Storage Rack Organizer Coat. Available in Black.,https://www.yeatru.com/product-277.html,https://cdn.jsdelivr.net/gh/Yeatru/Image@main/Images/YCS-KST-011.png,,0.94 USD,in_stock,new,Yeatru Sourcing,YCS-KST-011,,Consumer Electronics > Kitchen Storage,,US,Standard DDP,0.00 USD,custom size (sizes depend on variant),3,7,7,35,US,0.00,CN,no
278,Black Kitchen Storage Rack Organizer Triangular,Black Kitchen Storage Rack Organizer Triangular. Available in Black.,https://www.yeatru.com/product-278.html,https://cdn.jsdelivr.net/gh/Yeatru/Image@main/Images/YCS-KST-012.png,,1.13 USD,in_stock,new,Yeatru Sourcing,YCS-KST-012,,Consumer Electronics > Kitchen Storage,,US,Standard DDP,0.00 USD,custom size (sizes depend on variant),3,7,7,35,US,0.00,CN,no
279,Refrigerator Safety Lock Child Proof,Refrigerator Safety Lock Child Proof.,https://www.yeatru.com/product-279.html,https://cdn.jsdelivr.net/gh/Yeatru/Image@main/Images/YCS-KST-013.png,,3.26 USD,in_stock,new,Yeatru Sourcing,YCS-KST-013,,Consumer Electronics > Kitchen Storage,,US,Standard DDP,0.00 USD,,3,7,7,35,US,0.00,CN,no
280,Fruit Bowl Dish Ceramic Snack,Fruit Bowl Dish Ceramic Snack.,https://www.yeatru.com/product-280.html,https://cdn.jsdelivr.net/gh/Yeatru/Image@main/Images/YCS-KST-015.png,,2.23 USD,in_stock,new,Yeatru Sourcing,YCS-KST-015,,Consumer Electronics > Kitchen Storage,,US,Standard DDP,0.00 USD,portable handheld (130mm × 23mm ± 5mm),3,7,7,35,US,0.00,CN,no
281,Gray Drain Basket Colander Kitchen Over Sink,Gray Drain Basket Colander Kitchen Over Sink. Available in Gray.,https://www.yeatru.com/product-281.html,https://cdn.jsdelivr.net/gh/Yeatru/Image@main/Images/YCS-KST-016.png,,2.44 USD,in_stock,new,Yeatru Sourcing,YCS-KST-016,,Consumer Electronics > Kitchen Storage,,US,Standard DDP,0.00 USD,,3,7,7,35,US,0.00,CN,no
282,Gray Drain Basket Colander Kitchen Over Sink,Gray Drain Basket Colander Kitchen Over Sink. Available in Gray.,https://www.yeatru.com/product-282.html,https://cdn.jsdelivr.net/gh/Yeatru/Image@main/Images/YCS-KST-017.png,,2.61 USD,in_stock,new,Yeatru Sourcing,YCS-KST-017,,Consumer Electronics > Kitchen Storage,,US,Standard DDP,0.00 USD,,3,7,7,35,US,0.00,CN,no
283,White Refrigerator Lock Child Safety Fq3,"White Refrigerator Lock Child Safety Fq3. Available in Black, White.",https://www.yeatru.com/product-283.html,https://cdn.jsdelivr.net/gh/Yeatru/Image@main/Images/YCS-KST-018-002_1.png,,1.12 USD,in_stock,new,Yeatru Sourcing,YCS-KST-018,,Consumer Electronics > Kitchen Storage,,US,Standard DDP,0.00 USD,,3,7,7,35,US,0.00,CN,no
284,White Refrigerator Lock Child Safety Fq3,"White Refrigerator Lock Child Safety Fq3. Available in Black, White.",https://www.yeatru.com/product-284.html,https://cdn.jsdelivr.net/gh/Yeatru/Image@main/Images/YCS-KST-019-001.png,,0.14 USD,in_stock,new,Yeatru Sourcing,YCS-KST-019,,Consumer Electronics > Kitchen Storage,,US,Standard DDP,0.00 USD,,3,7,7,35,US,0.00,CN,no
285,White Refrigerator Lock Child Safety Fq3,"White Refrigerator Lock Child Safety Fq3. Available in Black, White.",https://www.yeatru.com/product-285.html,https://cdn.jsdelivr.net/gh/Yeatru/Image@main/Images/YCS-KST-020-002_1.png,,1.12 USD,in_stock,new,Yeatru Sourcing,YCS-KST-020,,Consumer Electronics > Kitchen Storage,,US,Standard DDP,0.00 USD,,3,7,7,35,US,0.00,CN,no
286,Safety Lock Cabinet Child Proof,Safety Lock Cabinet Child Proof.,https://www.yeatru.com/product-286.html,https://cdn.jsdelivr.net/gh/Yeatru/Image@main/Images/YCS-KST-021.png,,0.77 USD,in_stock,new,Yeatru Sourcing,YCS-KST-021,,Consumer Electronics > Kitchen Storage,,US,Standard DDP,0.00 USD,,3,7,7,35,US,0.00,CN,no
287,White Lock Security Padlock,White Lock Security Padlock. Available in Black.,https://www.yeatru.com/product-287.html,https://cdn.jsdelivr.net/gh/Yeatru/Image@main/Images/YCS-KST-022.png,,0.26 USD,in_stock,new,Yeatru Sourcing,YCS-KST-022,,Consumer Electronics > Kitchen Storage,,US,Standard DDP,0.00 USD,,3,7,7,35,US,0.00,CN,no
288,White Refrigerator Safety Lock Child Proof,White Refrigerator Safety Lock Child Proof. Available in Black.,https://www.yeatru.com/product-288.html,https://cdn.jsdelivr.net/gh/Yeatru/Image@main/Images/YCS-KST-023.png,,0.67 USD,in_stock,new,Yeatru Sourcing,YCS-KST-023,,Consumer Electronics > Kitchen Storage,,US,Standard DDP,0.00 USD,,3,7,7,35,US,0.00,CN,no
289,White Refrigerator Lock Child Safety Fq3,White Refrigerator Lock Child Safety Fq3. Available in Black.,https://www.yeatru.com/product-289.html,https://cdn.jsdelivr.net/gh/Yeatru/Image@main/Images/YCS-KST-026.png,,1.72 USD,in_stock,new,Yeatru Sourcing,YCS-KST-026,,Consumer Electronics > Kitchen Storage,,US,Standard DDP,0.00 USD,,3,7,7,35,US,0.00,CN,no
290,Kitchen Apron Waterproof Cooking,Kitchen Apron Waterproof Cooking.,https://www.yeatru.com/product-290.html,https://cdn.jsdelivr.net/gh/Yeatru/Image@main/Images/YCS-KST-027.png,,2.66 USD,in_stock,new,Yeatru Sourcing,YCS-KST-027,,Consumer Electronics > Kitchen Storage,,US,Standard DDP,0.00 USD,,3,7,7,35,US,0.00,CN,no
291,Shoe Rack Storage Organizer Freestanding Metal,Shoe Rack Storage Organizer Freestanding Metal.,https://www.yeatru.com/product-291.html,https://cdn.jsdelivr.net/gh/Yeatru/Image@main/Images/YCS-KST-028.png,,6.52 USD,in_stock,new,Yeatru Sourcing,YCS-KST-028,,Consumer Electronics > Kitchen Storage,,US,Standard DDP,0.00 USD,custom size (sizes depend on variant),3,7,7,35,US,0.00,CN,no
292,Glass Sealed Storage Jar Airtight Kitchen,Glass Sealed Storage Jar Airtight Kitchen.,https://www.yeatru.com/product-292.html,https://cdn.jsdelivr.net/gh/Yeatru/Image@main/Images/YCS-KUT-001.png,,39.48 USD,in_stock,new,Yeatru Sourcing,YCS-KUT-001,,Consumer Electronics > Kitchen Tools,,US,Standard DDP,0.00 USD,,3,7,7,35,US,0.00,CN,no
293,Vegetable Grater Slicer Kitchen Stainless Steel,Vegetable Grater Slicer Kitchen Stainless Steel.,https://www.yeatru.com/product-293.html,https://cdn.jsdelivr.net/gh/Yeatru/Image@main/Images/YCS-KUT-002.png,,1.03 USD,in_stock,new,Yeatru Sourcing,YCS-KUT-002,,Consumer Electronics > Kitchen Tools,,US,Standard DDP,0.00 USD,,3,7,7,35,US,0.00,CN,no
294,Kitchen Utensil Stainless Steel Cake,Kitchen Utensil Stainless Steel Cake.,https://www.yeatru.com/product-294.html,https://cdn.jsdelivr.net/gh/Yeatru/Image@main/Images/YCS-KUT-003.png,,1.03 USD,in_stock,new,Yeatru Sourcing,YCS-KUT-003,,Consumer Electronics > Kitchen Tools,,US,Standard DDP,0.00 USD,,3,7,7,35,US,0.00,CN,no
295,Kitchen Utensil Stainless Steel Spoon,Kitchen Utensil Stainless Steel Spoon.,https://www.yeatru.com/product-295.html,https://cdn.jsdelivr.net/gh/Yeatru/Image@main/Images/YCS-KUT-004.png,,0.91 USD,in_stock,new,Yeatru Sourcing,YCS-KUT-004,,Consumer Electronics > Kitchen Tools,,US,Standard DDP,0.00 USD,,3,7,7,35,US,0.00,CN,no
296,Kitchen Utensil Stainless Steel Fork,Kitchen Utensil Stainless Steel Fork.,https://www.yeatru.com/product-296.html,https://cdn.jsdelivr.net/gh/Yeatru/Image@main/Images/YCS-KUT-005.png,,0.94 USD,in_stock,new,Yeatru Sourcing,YCS-KUT-005,,Consumer Electronics > Kitchen Tools,,US,Standard DDP,0.00 USD,,3,7,7,35,US,0.00,CN,no
297,Kitchen Utensil Stainless Steel Spoon,Kitchen Utensil Stainless Steel Spoon.,https://www.yeatru.com/product-297.html,https://cdn.jsdelivr.net/gh/Yeatru/Image@main/Images/YCS-KUT-006.png,,0.46 USD,in_stock,new,Yeatru Sourcing,YCS-KUT-006,,Consumer Electronics > Kitchen Tools,,US,Standard DDP,0.00 USD,,3,7,7,35,US,0.00,CN,no
298,Kitchen Utensil Stainless Steel Fork,Kitchen Utensil Stainless Steel Fork.,https://www.yeatru.com/product-298.html,https://cdn.jsdelivr.net/gh/Yeatru/Image@main/Images/YCS-KUT-007.png,,0.26 USD,in_stock,new,Yeatru Sourcing,YCS-KUT-007,,Consumer Electronics > Kitchen Tools,,US,Standard DDP,0.00 USD,,3,7,7,35,US,0.00,CN,no
299,Glass Oil Bottle Dispenser 1000Ml Kitchen,Glass Oil Bottle Dispenser 1000Ml Kitchen. Sizes: 1000ml.,https://www.yeatru.com/product-299.html,https://cdn.jsdelivr.net/gh/Yeatru/Image@main/Images/YCS-KUT-008.png,,0.62 USD,in_stock,new,Yeatru Sourcing,YCS-KUT-008,,Consumer Electronics > Kitchen Tools,,US,Standard DDP,0.00 USD,1000ml,3,7,7,35,US,0.00,CN,no
300,Glass Oil Bottle Dispenser 1000Ml Kitchen,Glass Oil Bottle Dispenser 1000Ml Kitchen. Sizes: 1000ml.,https://www.yeatru.com/product-300.html,https://cdn.jsdelivr.net/gh/Yeatru/Image@main/Images/YCS-KUT-009.png,,1.80 USD,in_stock,new,Yeatru Sourcing,YCS-KUT-009,,Consumer Electronics > Kitchen Tools,,US,Standard DDP,0.00 USD,1000ml,3,7,7,35,US,0.00,CN,no
301,Glass Oil Bottle Dispenser 1000Ml Kitchen,Glass Oil Bottle Dispenser 1000Ml Kitchen. Sizes: 1000Ml.,https://www.yeatru.com/product-301.html,https://cdn.jsdelivr.net/gh/Yeatru/Image@main/Images/YCS-KUT-010.png,,137.31 USD,in_stock,new,Yeatru Sourcing,YCS-KUT-010,,Consumer Electronics > Kitchen Tools,,US,Standard DDP,0.00 USD,1000ml,3,7,7,35,US,0.00,CN,no
302,Red Stainless Steel Dinner Plate 304 Food Grade,"Red Stainless Steel Dinner Plate 304 Food Grade. Available in Blue, Red.",https://www.yeatru.com/product-302.html,https://cdn.jsdelivr.net/gh/Yeatru/Image@main/Images/YCS-KUT-011-001.png,,2.01 USD,in_stock,new,Yeatru Sourcing,YCS-KUT-011,,Consumer Electronics > Kitchen Tools,,US,Standard DDP,0.00 USD,,3,7,7,35,US,0.00,CN,no
303,Kitchen Utensil Stainless Steel Spoon,Kitchen Utensil Stainless Steel Spoon.,https://www.yeatru.com/product-303.html,https://cdn.jsdelivr.net/gh/Yeatru/Image@main/Images/YCS-KUT-012.png,,0.54 USD,in_stock,new,Yeatru Sourcing,YCS-KUT-012,,Consumer Electronics > Kitchen Tools,,US,Standard DDP,0.00 USD,,3,7,7,35,US,0.00,CN,no
304,Purple Kitchen Utensil Stainless Steel Silicone,Purple Kitchen Utensil Stainless Steel Silicone. Available in Purple.,https://www.yeatru.com/product-304.html,https://cdn.jsdelivr.net/gh/Yeatru/Image@main/Images/YCS-KUT-013.jpg,,0.89 USD,in_stock,new,Yeatru Sourcing,YCS-KUT-013,,Consumer Electronics > Kitchen Tools,,US,Standard DDP,0.00 USD,,3,7,7,35,US,0.00,CN,no
305,Kitchen Utensil Stainless Steel,Kitchen Utensil Stainless Steel.,https://www.yeatru.com/product-305.html,https://cdn.jsdelivr.net/gh/Yeatru/Image@main/Images/YCS-KUT-014.png,,10.30 USD,in_stock,new,Yeatru Sourcing,YCS-KUT-014,,Consumer Electronics > Kitchen Tools,,US,Standard DDP,0.00 USD,,3,7,7,35,US,0.00,CN,no
306,Kitchen Utensil Stainless Steel Silicone,Kitchen Utensil Stainless Steel Silicone.,https://www.yeatru.com/product-306.html,https://cdn.jsdelivr.net/gh/Yeatru/Image@main/Images/YCS-KUT-015.png,,1.34 USD,in_stock,new,Yeatru Sourcing,YCS-KUT-015,,Consumer Electronics > Kitchen Tools,,US,Standard DDP,0.00 USD,,3,7,7,35,US,0.00,CN,no
307,Stainless Steel Milk Cup Insulated Drinking 250Ml,"Stainless Steel Milk Cup Insulated Drinking 250Ml. Sizes: 250ml, 350ml, 450ml.",https://www.yeatru.com/product-307.html,https://cdn.jsdelivr.net/gh/Yeatru/Image@main/Images/YCS-KUT-016-001.png,,4.46 USD,in_stock,new,Yeatru Sourcing,YCS-KUT-016,,Consumer Electronics > Kitchen Tools,,US,Standard DDP,0.00 USD,250ml / 350ml / 450ml,3,7,7,35,US,0.00,CN,no
308,Digital Body Weight Scale LCD Bathroom,Digital Body Weight Scale LCD Bathroom.,https://www.yeatru.com/product-308.html,https://cdn.jsdelivr.net/gh/Yeatru/Image@main/Images/YCS-LAP-001.png,,0.94 USD,in_stock,new,Yeatru Sourcing,YCS-LAP-001,,Home & Garden > Personal Care,,US,Standard DDP,0.00 USD,,3,7,7,35,US,0.00,CN,no
309,Washing Machine Foot Pad Anti-Vibration Leveling,Washing Machine Foot Pad Anti-Vibration Leveling.,https://www.yeatru.com/product-309.html,https://cdn.jsdelivr.net/gh/Yeatru/Image@main/Images/YCS-LAP-002.png,,1.03 USD,in_stock,new,Yeatru Sourcing,YCS-LAP-002,,Home & Garden > Household,,US,Standard DDP,0.00 USD,,3,7,7,35,US,0.00,CN,no
310,Electric Fireplace LED Indoor,Electric Fireplace LED Indoor. Available in Multicolor.,https://www.yeatru.com/product-310.html,https://cdn.jsdelivr.net/gh/Yeatru/Image@main/Images/YCS-LAP-003.png,,0.45 USD,in_stock,new,Yeatru Sourcing,YCS-LAP-003,,Home & Garden > Household,,US,Standard DDP,0.00 USD,,3,7,7,35,US,0.00,CN,no
311,White Ultrasonic Humidifier Cool Mist Home,White Ultrasonic Humidifier Cool Mist Home. Available in White.,https://www.yeatru.com/product-311.html,https://cdn.jsdelivr.net/gh/Yeatru/Image@main/Images/YCS-LAP-004.png,,2.37 USD,in_stock,new,Yeatru Sourcing,YCS-LAP-004,,Home & Garden > Household,,US,Standard DDP,0.00 USD,,3,7,7,35,US,0.00,CN,no
312,Storage Rack Shelf Metal Wall Mount,Storage Rack Shelf Metal Wall Mount.,https://www.yeatru.com/product-312.html,https://cdn.jsdelivr.net/gh/Yeatru/Image@main/Images/YCS-LAP-005.png,,5.49 USD,in_stock,new,Yeatru Sourcing,YCS-LAP-005,,Home & Garden > Storage & Organization,,US,Standard DDP,0.00 USD,custom size (sizes depend on variant),3,7,7,35,US,0.00,CN,no
313,Green Digital Display Humidifier Dual Spray Desktop,"Green Digital Display Humidifier Dual Spray Desktop. Available in Green, White.",https://www.yeatru.com/product-313.html,https://cdn.jsdelivr.net/gh/Yeatru/Image@main/Images/YCS-LAP-006-001.png,,4.38 USD,in_stock,new,Yeatru Sourcing,YCS-LAP-006,,Home & Garden > Household,,US,Standard DDP,0.00 USD,,3,7,7,35,US,0.00,CN,no
314,Ultrasonic Humidifier Cool Mist Home,Ultrasonic Humidifier Cool Mist Home.,https://www.yeatru.com/product-314.html,https://cdn.jsdelivr.net/gh/Yeatru/Image@main/Images/YCS-LAP-007.png,,2.71 USD,in_stock,new,Yeatru Sourcing,YCS-LAP-007,,Home & Garden > Household,,US,Standard DDP,0.00 USD,,3,7,7,35,US,0.00,CN,no
315,Ultrasonic Humidifier Cool Mist Home,Ultrasonic Humidifier Cool Mist Home.,https://www.yeatru.com/product-315.html,https://cdn.jsdelivr.net/gh/Yeatru/Image@main/Images/YCS-LAP-008.png,,12.36 USD,in_stock,new,Yeatru Sourcing,YCS-LAP-008,,Home & Garden > Household,,US,Standard DDP,0.00 USD,,3,7,7,35,US,0.00,CN,no
316,Mini Folding Washing Machine Portable Apartment,Mini Folding Washing Machine Portable Apartment.,https://www.yeatru.com/product-316.html,https://cdn.jsdelivr.net/gh/Yeatru/Image@main/Images/YCS-LAP-009.png,,6.02 USD,in_stock,new,Yeatru Sourcing,YCS-LAP-009,,Home & Garden > Household,,US,Standard DDP,0.00 USD,,3,7,7,35,US,0.00,CN,no
317,LED Flameless Candle Home Decor Battery,LED Flameless Candle Home Decor Battery. Available in Black.,https://www.yeatru.com/product-317.html,https://cdn.jsdelivr.net/gh/Yeatru/Image@main/Images/YCS-LED-001-001.png,,3.43 USD,in_stock,new,Yeatru Sourcing,YCS-LED-001,,Home & Garden > Lighting,,US,Standard DDP,0.00 USD,2000–10000 mah (sizes depend on variant),3,7,7,35,US,0.00,CN,no
318,LED Light Home Decor String,LED Light Home Decor String.,https://www.yeatru.com/product-318.html,https://cdn.jsdelivr.net/gh/Yeatru/Image@main/Images/YCS-LED-002.png,,0.60 USD,in_stock,new,Yeatru Sourcing,YCS-LED-002,,Home & Garden > Lighting,,US,Standard DDP,0.00 USD,,3,7,7,35,US,0.00,CN,no
319,RGB Ambient Light LED Home Decor,RGB Ambient Light LED Home Decor.,https://www.yeatru.com/product-319.html,https://cdn.jsdelivr.net/gh/Yeatru/Image@main/Images/YCS-LED-003.png,,3.16 USD,in_stock,new,Yeatru Sourcing,YCS-LED-003,,Home & Garden > Lighting,,US,Standard DDP,0.00 USD,,3,7,7,35,US,0.00,CN,no
320,LED Light Home Decor Table,LED Light Home Decor Table.,https://www.yeatru.com/product-320.html,https://cdn.jsdelivr.net/gh/Yeatru/Image@main/Images/YCS-LED-004.png,,0.67 USD,in_stock,new,Yeatru Sourcing,YCS-LED-004,,Home & Garden > Lighting,,US,Standard DDP,0.00 USD,,3,7,7,35,US,0.00,CN,no
321,LED Camping Light Portable Rechargeable,LED Camping Light Portable Rechargeable.,https://www.yeatru.com/product-321.html,https://cdn.jsdelivr.net/gh/Yeatru/Image@main/Images/YCS-LED-005.png,,1.20 USD,in_stock,new,Yeatru Sourcing,YCS-LED-005,,Home & Garden > Lighting,,US,Standard DDP,0.00 USD,,3,7,7,35,US,0.00,CN,no
322,Handbag Tote Bag Women'S Fashion,Handbag Tote Bag Women'S Fashion. Sizes: S.,https://www.yeatru.com/product-322.html,https://cdn.jsdelivr.net/gh/Yeatru/Image@main/Images/YCS-LED-006.png,,0.57 USD,in_stock,new,Yeatru Sourcing,YCS-LED-006,,Home & Garden > Lighting,,US,Standard DDP,0.00 USD,s,3,7,7,35,US,0.00,CN,no
323,Glass Sealed Storage Jar Airtight Kitchen,Glass Sealed Storage Jar Airtight Kitchen.,https://www.yeatru.com/product-323.html,https://cdn.jsdelivr.net/gh/Yeatru/Image@main/Images/YCS-LED-007.png,,1.34 USD,in_stock,new,Yeatru Sourcing,YCS-LED-007,,Home & Garden > Lighting,,US,Standard DDP,0.00 USD,,3,7,7,35,US,0.00,CN,no
324,LED Strip Light Flexible Remote,LED Strip Light Flexible Remote.,https://www.yeatru.com/product-324.html,https://cdn.jsdelivr.net/gh/Yeatru/Image@main/Images/YCS-LED-008.png,,1.17 USD,in_stock,new,Yeatru Sourcing,YCS-LED-008,,Home & Garden > Lighting,,US,Standard DDP,0.00 USD,,3,7,7,35,US,0.00,CN,no
325,Clear LED Flameless Candle Home Decor Battery 18Cm,Clear LED Flameless Candle Home Decor Battery 18Cm. Sizes: 3x18.,https://www.yeatru.com/product-325.html,https://cdn.jsdelivr.net/gh/Yeatru/Image@main/Images/YCS-LED-009.png,,0.77 USD,in_stock,new,Yeatru Sourcing,YCS-LED-009,,Home & Garden > Lighting,,US,Standard DDP,0.00 USD,3x18,3,7,7,35,US,0.00,CN,no
326,White LED Flameless Candle Home Decor Battery 18Cm,White LED Flameless Candle Home Decor Battery 18Cm. Available in White. Sizes: 5x18.,https://www.yeatru.com/product-326.html,https://cdn.jsdelivr.net/gh/Yeatru/Image@main/Images/YCS-LED-010.png,,2.57 USD,in_stock,new,Yeatru Sourcing,YCS-LED-010,,Home & Garden > Lighting,,US,Standard DDP,0.00 USD,5x18,3,7,7,35,US,0.00,CN,no
327,LED Flameless Candle Home Decor Battery 18Cm,LED Flameless Candle Home Decor Battery 18Cm. Sizes: 5x18.,https://www.yeatru.com/product-327.html,https://cdn.jsdelivr.net/gh/Yeatru/Image@main/Images/YCS-LED-011.png,,0.11 USD,in_stock,new,Yeatru Sourcing,YCS-LED-011,,Home & Garden > Lighting,,US,Standard DDP,0.00 USD,5x18,3,7,7,35,US,0.00,CN,no
328,Purple LED Flameless Candle Home Decor Battery 18Cm,"Purple LED Flameless Candle Home Decor Battery 18Cm. Available in Purple, Red. Sizes: 3x18.",https://www.yeatru.com/product-328.html,https://cdn.jsdelivr.net/gh/Yeatru/Image@main/Images/YCS-LED-012-001.png,,3.35 USD,in_stock,new,Yeatru Sourcing,YCS-LED-012,,Home & Garden > Lighting,,US,Standard DDP,0.00 USD,3x18,3,7,7,35,US,0.00,CN,no
329,Flameless Candle LED Decor,Flameless Candle LED Decor.,https://www.yeatru.com/product-329.html,https://cdn.jsdelivr.net/gh/Yeatru/Image@main/Images/YCS-LED-013.png,,3.35 USD,in_stock,new,Yeatru Sourcing,YCS-LED-013,,Home & Garden > Lighting,,US,Standard DDP,0.00 USD,,3,7,7,35,US,0.00,CN,no
330,Flameless Candle LED Decor,Flameless Candle LED Decor. Available in Gold.,https://www.yeatru.com/product-330.html,https://cdn.jsdelivr.net/gh/Yeatru/Image@main/Images/YCS-LED-014.png,,3.35 USD,in_stock,new,Yeatru Sourcing,YCS-LED-014,,Home & Garden > Lighting,,US,Standard DDP,0.00 USD,,3,7,7,35,US,0.00,CN,no
331,Flameless Candle LED Decor,Flameless Candle LED Decor.,https://www.yeatru.com/product-331.html,https://cdn.jsdelivr.net/gh/Yeatru/Image@main/Images/YCS-LED-015.png,,3.35 USD,in_stock,new,Yeatru Sourcing,YCS-LED-015,,Home & Garden > Lighting,,US,Standard DDP,0.00 USD,,3,7,7,35,US,0.00,CN,no
332,Women's High Heels Elegant Fashion Pumps,Women's High Heels Elegant Fashion Pumps. Sizes: S.,https://www.yeatru.com/product-332.html,https://cdn.jsdelivr.net/gh/Yeatru/Image@main/Images/YCS-LED-016.jpg,,10.13 USD,in_stock,new,Yeatru Sourcing,YCS-LED-016,,Home & Garden > Lighting,,US,Standard DDP,0.00 USD,s,3,7,7,35,US,0.00,CN,no
333,LED Strip Light Flexible Remote,LED Strip Light Flexible Remote.,https://www.yeatru.com/product-333.html,https://cdn.jsdelivr.net/gh/Yeatru/Image@main/Images/YCS-LED-017.png,,1.63 USD,in_stock,new,Yeatru Sourcing,YCS-LED-017,,Home & Garden > Lighting,,US,Standard DDP,0.00 USD,,3,7,7,35,US,0.00,CN,no
334,Metal Buckle Clamp Pliers Hand Tool with Red Grips,Metal Buckle Clamp Pliers Hand Tool with Red Grips. Available in Red.,https://www.yeatru.com/product-334.html,https://cdn.jsdelivr.net/gh/Yeatru/Image@main/Images/YCS-LED-018.png,,4.81 USD,in_stock,new,Yeatru Sourcing,YCS-LED-018,,Home & Garden > Lighting,,US,Standard DDP,0.00 USD,,3,7,7,35,US,0.00,CN,no
335,White Lock Security Padlock Cabinet,White Lock Security Padlock Cabinet. Available in Black.,https://www.yeatru.com/product-335.html,https://cdn.jsdelivr.net/gh/Yeatru/Image@main/Images/YCS-LOC-001.png,,0.31 USD,in_stock,new,Yeatru Sourcing,YCS-LOC-001,,Home & Garden > Locks,,US,Standard DDP,0.00 USD,,3,7,7,35,US,0.00,CN,no
336,Red Anti-Pinch Door Guard Child Safety Soft,Red Anti-Pinch Door Guard Child Safety Soft. Available in Red.,https://www.yeatru.com/product-336.html,https://cdn.jsdelivr.net/gh/Yeatru/Image@main/Images/YCS-LOC-002.png,,0.65 USD,in_stock,new,Yeatru Sourcing,YCS-LOC-002,,Home & Garden > Locks,,US,Standard DDP,0.00 USD,,3,7,7,35,US,0.00,CN,no
337,White Plastic Button Protection Cover Key Guard Shield,White Plastic Button Protection Cover Key Guard Shield. Available in White.,https://www.yeatru.com/product-337.html,https://cdn.jsdelivr.net/gh/Yeatru/Image@main/Images/YCS-LOC-003.png,,0.74 USD,in_stock,new,Yeatru Sourcing,YCS-LOC-003,,Home & Garden > Locks,,US,Standard DDP,0.00 USD,,3,7,7,35,US,0.00,CN,no
338,White Door Stopper Wall Protection,White Door Stopper Wall Protection. Available in White.,https://www.yeatru.com/product-338.html,https://cdn.jsdelivr.net/gh/Yeatru/Image@main/Images/YCS-LOC-004.png,,10.30 USD,in_stock,new,Yeatru Sourcing,YCS-LOC-004,,Home & Garden > Locks,,US,Standard DDP,0.00 USD,,3,7,7,35,US,0.00,CN,no
339,Cabinet Door Lock FS19 Security Padlock,Cabinet Door Lock FS19 Security Padlock.,https://www.yeatru.com/product-339.html,https://cdn.jsdelivr.net/gh/Yeatru/Image@main/Images/YCS-LOC-005.png,,10.30 USD,in_stock,new,Yeatru Sourcing,YCS-LOC-005,,Home & Garden > Locks,,US,Standard DDP,0.00 USD,,3,7,7,35,US,0.00,CN,no
340,iPhone Lightning Charging Cable 1M Fast MFi,iPhone Lightning Charging Cable 1M Fast MFi.,https://www.yeatru.com/product-340.html,https://cdn.jsdelivr.net/gh/Yeatru/Image@main/Images/YCS-MCH-001.jpg,,0.47 USD,in_stock,new,Yeatru Sourcing,YCS-MCH-001,,Home & Garden > Machinery,,US,Standard DDP,0.00 USD,,3,7,7,35,US,0.00,CN,no
341,Data Charging Cable Fast USB Universal,Data Charging Cable Fast USB Universal.,https://www.yeatru.com/product-341.html,https://cdn.jsdelivr.net/gh/Yeatru/Image@main/Images/YCS-MCH-002.png,,0.76 USD,in_stock,new,Yeatru Sourcing,YCS-MCH-002,,Home & Garden > Machinery,,US,Standard DDP,0.00 USD,,3,7,7,35,US,0.00,CN,no
342,Fast Charger Adapter Quick Charge USB,Fast Charger Adapter Quick Charge USB.,https://www.yeatru.com/product-342.html,https://cdn.jsdelivr.net/gh/Yeatru/Image@main/Images/YCS-MCH-003.png,,0.86 USD,in_stock,new,Yeatru Sourcing,YCS-MCH-003,,Home & Garden > Machinery,,US,Standard DDP,0.00 USD,,3,7,7,35,US,0.00,CN,no
343,Power Bank Portable Charger Fast Charging,Power Bank Portable Charger Fast Charging.,https://www.yeatru.com/product-343.html,https://cdn.jsdelivr.net/gh/Yeatru/Image@main/Images/YCS-MCH-004.png,,9.44 USD,in_stock,new,Yeatru Sourcing,YCS-MCH-004,,Home & Garden > Machinery,,US,Standard DDP,0.00 USD,,3,7,7,35,US,0.00,CN,no
344,Power Bank Portable Charger Fast Charging,Power Bank Portable Charger Fast Charging.,https://www.yeatru.com/product-344.html,https://cdn.jsdelivr.net/gh/Yeatru/Image@main/Images/YCS-MCH-005.png,,14.33 USD,in_stock,new,Yeatru Sourcing,YCS-MCH-005,,Home & Garden > Machinery,,US,Standard DDP,0.00 USD,,3,7,7,35,US,0.00,CN,no
345,Power Bank Portable Charger Fast Charging,Power Bank Portable Charger Fast Charging.,https://www.yeatru.com/product-345.html,https://cdn.jsdelivr.net/gh/Yeatru/Image@main/Images/YCS-MCH-006.png,,12.87 USD,in_stock,new,Yeatru Sourcing,YCS-MCH-006,,Home & Garden > Machinery,,US,Standard DDP,0.00 USD,,3,7,7,35,US,0.00,CN,no
346,Gray Power Bank Portable Charger Fast Charging,Gray Power Bank Portable Charger Fast Charging. Available in Gray.,https://www.yeatru.com/product-346.html,https://cdn.jsdelivr.net/gh/Yeatru/Image@main/Images/YCS-MCH-007.png,,209.40 USD,in_stock,new,Yeatru Sourcing,YCS-MCH-007,,Home & Garden > Machinery,,US,Standard DDP,0.00 USD,,3,7,7,35,US,0.00,CN,no
347,Charging Accessory Fast Power,Charging Accessory Fast Power. Available in Silver.,https://www.yeatru.com/product-347.html,https://cdn.jsdelivr.net/gh/Yeatru/Image@main/Images/YCS-MCH-008.png,,13.56 USD,in_stock,new,Yeatru Sourcing,YCS-MCH-008,,Home & Garden > Machinery,,US,Standard DDP,0.00 USD,,3,7,7,35,US,0.00,CN,no
348,Gray Magnetic Phone Case Wireless Charging Compatible,Gray Magnetic Phone Case Wireless Charging Compatible. Available in Gray.,https://www.yeatru.com/product-348.html,https://cdn.jsdelivr.net/gh/Yeatru/Image@main/Images/YCS-MCH-009.png,,18.02 USD,in_stock,new,Yeatru Sourcing,YCS-MCH-009,,Home & Garden > Machinery,,US,Standard DDP,0.00 USD,"iphone 15 series (6.1"")",3,7,7,35,US,0.00,CN,no
349,Game Controller Wireless Battery,Game Controller Wireless Battery.,https://www.yeatru.com/product-349.html,https://cdn.jsdelivr.net/gh/Yeatru/Image@main/Images/YCS-MCH-010.png,,116.03 USD,in_stock,new,Yeatru Sourcing,YCS-MCH-010,,Home & Garden > Machinery,,US,Standard DDP,0.00 USD,2000–10000 mah (sizes depend on variant),3,7,7,35,US,0.00,CN,no
350,Ultrasonic Humidifier Cool Mist Home,Ultrasonic Humidifier Cool Mist Home.,https://www.yeatru.com/product-350.html,https://cdn.jsdelivr.net/gh/Yeatru/Image@main/Images/YCS-MCH-011.png,,5.49 USD,in_stock,new,Yeatru Sourcing,YCS-MCH-011,,Home & Garden > Household,,US,Standard DDP,0.00 USD,,3,7,7,35,US,0.00,CN,no
351,Frameless Phone Case Hard PC Protective Cover,Frameless Phone Case Hard PC Protective Cover.,https://www.yeatru.com/product-351.html,https://cdn.jsdelivr.net/gh/Yeatru/Image@main/Images/YCS-MCS-001.jpg,,0.15 USD,in_stock,new,Yeatru Sourcing,YCS-MCS-001,,Home & Garden > Mobile Accessories,,US,Standard DDP,0.00 USD,"iphone 15 series (6.1"")",3,7,7,35,US,0.00,CN,no
352,Hard PC Phone Case Glossy Large Hole Protective,Hard PC Phone Case Glossy Large Hole Protective.,https://www.yeatru.com/product-352.html,https://cdn.jsdelivr.net/gh/Yeatru/Image@main/Images/YCS-MCS-002.jpg,,0.26 USD,in_stock,new,Yeatru Sourcing,YCS-MCS-002,,Home & Garden > Mobile Accessories,,US,Standard DDP,0.00 USD,"iphone 15 series (6.1"")",3,7,7,35,US,0.00,CN,no
353,Green Clear Magsafe Phone Case Magnetic Wireless Charging,"Green Clear Magsafe Phone Case Magnetic Wireless Charging. Available in Black, Blue, Brown, Gray, Green, Pink, Red, White, Yellow.",https://www.yeatru.com/product-353.html,https://cdn.jsdelivr.net/gh/Yeatru/Image@main/Images/YCS-MCS-003-002_1.jpg,,0.06 USD,in_stock,new,Yeatru Sourcing,YCS-MCS-003,,Home & Garden > Mobile Accessories,,US,Standard DDP,0.00 USD,"iphone 15 series (6.1"")",3,7,7,35,US,0.00,CN,no
354,Phone Case For iPhone Samsung Protective Cover,Phone Case For iPhone Samsung Protective Cover.,https://www.yeatru.com/product-354.html,https://cdn.jsdelivr.net/gh/Yeatru/Image@main/Images/YCS-MCS-005.jpg,,0.84 USD,in_stock,new,Yeatru Sourcing,YCS-MCS-005,,Home & Garden > Mobile Accessories,,US,Standard DDP,0.00 USD,"iphone 15 series (6.1"")",3,7,7,35,US,0.00,CN,no
355,Phone Holder Stand Adjustable Desktop,"Phone Holder Stand Adjustable Desktop. Available in Black, White .",https://www.yeatru.com/product-355.html,https://cdn.jsdelivr.net/gh/Yeatru/Image@main/Images/YCS-MHD-001.jpg,,0.33 USD,in_stock,new,Yeatru Sourcing,YCS-MHD-001,,Home & Garden > Household,,US,Standard DDP,0.00 USD,,3,7,7,35,US,0.00,CN,no
356,Black Selfie Stick Tripod Bluetooth Remote,Black Selfie Stick Tripod Bluetooth Remote. Available in Black. Sizes: L.,https://www.yeatru.com/product-356.html,https://cdn.jsdelivr.net/gh/Yeatru/Image@main/Images/YCS-MHD-002.png,,1.70 USD,in_stock,new,Yeatru Sourcing,YCS-MHD-002,,Home & Garden > Household,,US,Standard DDP,0.00 USD,l,3,7,7,35,US,0.00,CN,no
357,Selfie Stick Tripod Bluetooth Remote Extendable,Selfie Stick Tripod Bluetooth Remote Extendable. Available in Blue.,https://www.yeatru.com/product-357.html,https://cdn.jsdelivr.net/gh/Yeatru/Image@main/Images/YCS-MHD-003.png,,1.20 USD,in_stock,new,Yeatru Sourcing,YCS-MHD-003,,Home & Garden > Household,,US,Standard DDP,0.00 USD,,3,7,7,35,US,0.00,CN,no
358,Phone Holder Stand Adjustable Handheld,Phone Holder Stand Adjustable Handheld.,https://www.yeatru.com/product-358.html,https://cdn.jsdelivr.net/gh/Yeatru/Image@main/Images/YCS-MHD-004.png,,33.99 USD,in_stock,new,Yeatru Sourcing,YCS-MHD-004,,Home & Garden > Household,,US,Standard DDP,0.00 USD,,3,7,7,35,US,0.00,CN,no
359,Camera Tripod Stand Portable Adjustable Height,Camera Tripod Stand Portable Adjustable Height.,https://www.yeatru.com/product-359.html,https://cdn.jsdelivr.net/gh/Yeatru/Image@main/Images/YCS-MHD-005.png,,6.87 USD,in_stock,new,Yeatru Sourcing,YCS-MHD-005,,Home & Garden > Household,,US,Standard DDP,0.00 USD,,3,7,7,35,US,0.00,CN,no
360,Camera Tripod Stand Portable Adjustable Height,Camera Tripod Stand Portable Adjustable Height.,https://www.yeatru.com/product-360.html,https://cdn.jsdelivr.net/gh/Yeatru/Image@main/Images/YCS-MHD-006.png,,1.63 USD,in_stock,new,Yeatru Sourcing,YCS-MHD-006,,Home & Garden > Household,,US,Standard DDP,0.00 USD,,3,7,7,35,US,0.00,CN,no
361,Phone Holder Stand Adjustable Knife,Phone Holder Stand Adjustable Knife. Available in Black.,https://www.yeatru.com/product-361.html,https://cdn.jsdelivr.net/gh/Yeatru/Image@main/Images/YCS-MHD-007.png,,1.66 USD,in_stock,new,Yeatru Sourcing,YCS-MHD-007,,Home & Garden > Household,,US,Standard DDP,0.00 USD,,3,7,7,35,US,0.00,CN,no
362,White Selfie Stick Tripod Bluetooth Remote Extendable,White Selfie Stick Tripod Bluetooth Remote Extendable. Available in Black.,https://www.yeatru.com/product-362.html,https://cdn.jsdelivr.net/gh/Yeatru/Image@main/Images/YCS-MHD-008.png,,0.72 USD,in_stock,new,Yeatru Sourcing,YCS-MHD-008,,Home & Garden > Household,,US,Standard DDP,0.00 USD,,3,7,7,35,US,0.00,CN,no
363,White Selfie Stick Tripod Bluetooth Remote Extendable,White Selfie Stick Tripod Bluetooth Remote Extendable. Available in Black.,https://www.yeatru.com/product-363.html,https://cdn.jsdelivr.net/gh/Yeatru/Image@main/Images/YCS-MHD-009.png,,1.06 USD,in_stock,new,Yeatru Sourcing,YCS-MHD-009,,Home & Garden > Household,,US,Standard DDP,0.00 USD,,3,7,7,35,US,0.00,CN,no
364,Black Camera Tripod Stand Portable Adjustable Height,Black Camera Tripod Stand Portable Adjustable Height. Available in Black.,https://www.yeatru.com/product-364.html,https://cdn.jsdelivr.net/gh/Yeatru/Image@main/Images/YCS-MHD-010.png,,2.27 USD,in_stock,new,Yeatru Sourcing,YCS-MHD-010,,Home & Garden > Household,,US,Standard DDP,0.00 USD,,3,7,7,35,US,0.00,CN,no
365,Black Photography Tripod Stand Portable Adjustable,Black Photography Tripod Stand Portable Adjustable. Available in Black.,https://www.yeatru.com/product-365.html,https://cdn.jsdelivr.net/gh/Yeatru/Image@main/Images/YCS-MHD-011.png,,49.18 USD,in_stock,new,Yeatru Sourcing,YCS-MHD-011,,Home & Garden > Household,,US,Standard DDP,0.00 USD,,3,7,7,35,US,0.00,CN,no
366,Phone Holder Stand Adjustable Jmary,Phone Holder Stand Adjustable Jmary.,https://www.yeatru.com/product-366.html,https://cdn.jsdelivr.net/gh/Yeatru/Image@main/Images/YCS-MHD-012.png,,22.31 USD,in_stock,new,Yeatru Sourcing,YCS-MHD-012,,Home & Garden > Household,,US,Standard DDP,0.00 USD,,3,7,7,35,US,0.00,CN,no
367,Phone Holder Stand Adjustable Warning,Phone Holder Stand Adjustable Warning.,https://www.yeatru.com/product-367.html,https://cdn.jsdelivr.net/gh/Yeatru/Image@main/Images/YCS-MHD-013.png,,0.38 USD,in_stock,new,Yeatru Sourcing,YCS-MHD-013,,Home & Garden > Household,,US,Standard DDP,0.00 USD,,3,7,7,35,US,0.00,CN,no
368,Live Streaming Tripod Stand Adjustable Ring Light,Live Streaming Tripod Stand Adjustable Ring Light.,https://www.yeatru.com/product-368.html,https://cdn.jsdelivr.net/gh/Yeatru/Image@main/Images/YCS-MHD-014.png,,1.92 USD,in_stock,new,Yeatru Sourcing,YCS-MHD-014,,Home & Garden > Household,,US,Standard DDP,0.00 USD,,3,7,7,35,US,0.00,CN,no
369,Live Streaming Tripod Stand Adjustable Ring Light,Live Streaming Tripod Stand Adjustable Ring Light.,https://www.yeatru.com/product-369.html,https://cdn.jsdelivr.net/gh/Yeatru/Image@main/Images/YCS-MHD-015-001.png,,1.61 USD,in_stock,new,Yeatru Sourcing,YCS-MHD-015,,Home & Garden > Household,,US,Standard DDP,0.00 USD,,3,7,7,35,US,0.00,CN,no
370,Photography Tripod Stand Portable Adjustable,Photography Tripod Stand Portable Adjustable.,https://www.yeatru.com/product-370.html,https://cdn.jsdelivr.net/gh/Yeatru/Image@main/Images/YCS-MHD-017.png,,7.72 USD,in_stock,new,Yeatru Sourcing,YCS-MHD-017,,Home & Garden > Household,,US,Standard DDP,0.00 USD,,3,7,7,35,US,0.00,CN,no
371,Selfie Stick Tripod Bluetooth Remote Extendable,Selfie Stick Tripod Bluetooth Remote Extendable. Available in Blue. Sizes: L.,https://www.yeatru.com/product-371.html,https://cdn.jsdelivr.net/gh/Yeatru/Image@main/Images/YCS-MHD-018.png,,1.58 USD,in_stock,new,Yeatru Sourcing,YCS-MHD-018,,Home & Garden > Household,,US,Standard DDP,0.00 USD,l,3,7,7,35,US,0.00,CN,no
372,"LED Fill Light Photography Adjustable 16""","LED Fill Light Photography Adjustable 16"". Sizes: 16寸.",https://www.yeatru.com/product-372.html,https://cdn.jsdelivr.net/gh/Yeatru/Image@main/Images/YCS-MHD-019.png,,6.87 USD,in_stock,new,Yeatru Sourcing,YCS-MHD-019,,Home & Garden > Household,,US,Standard DDP,0.00 USD,16寸,3,7,7,35,US,0.00,CN,no
373,Phone Mount Clip Adjustable Universal,Phone Mount Clip Adjustable Universal.,https://www.yeatru.com/product-373.html,https://cdn.jsdelivr.net/gh/Yeatru/Image@main/Images/YCS-MHD-020.png,,0.14 USD,in_stock,new,Yeatru Sourcing,YCS-MHD-020,,Home & Garden > Household,,US,Standard DDP,0.00 USD,,3,7,7,35,US,0.00,CN,no
374,Phone Holder Stand Adjustable Stainless,Phone Holder Stand Adjustable Stainless.,https://www.yeatru.com/product-374.html,https://cdn.jsdelivr.net/gh/Yeatru/Image@main/Images/YCS-MHD-021.png,,4.12 USD,in_stock,new,Yeatru Sourcing,YCS-MHD-021,,Home & Garden > Household,,US,Standard DDP,0.00 USD,,3,7,7,35,US,0.00,CN,no
375,Phone Holder Stand Adjustable Safety,Phone Holder Stand Adjustable Safety.,https://www.yeatru.com/product-375.html,https://cdn.jsdelivr.net/gh/Yeatru/Image@main/Images/YCS-MHD-022.png,,16.31 USD,in_stock,new,Yeatru Sourcing,YCS-MHD-022,,Home & Garden > Household,,US,Standard DDP,0.00 USD,,3,7,7,35,US,0.00,CN,no
376,Phone Holder Stand Adjustable Desktop,Phone Holder Stand Adjustable Desktop.,https://www.yeatru.com/product-376.html,https://cdn.jsdelivr.net/gh/Yeatru/Image@main/Images/YCS-MHD-023.png,,3.35 USD,in_stock,new,Yeatru Sourcing,YCS-MHD-023,,Home & Garden > Household,,US,Standard DDP,0.00 USD,,3,7,7,35,US,0.00,CN,no
377,Gaming Finger Sleeves Anti-Sweat Touch Screen,Gaming Finger Sleeves Anti-Sweat Touch Screen.,https://www.yeatru.com/product-377.html,https://cdn.jsdelivr.net/gh/Yeatru/Image@main/Images/YCS-MOT-001.jpg,,0.04 USD,in_stock,new,Yeatru Sourcing,YCS-MOT-001,,Home & Garden > Microphones/Audio,,US,Standard DDP,0.00 USD,,3,7,7,35,US,0.00,CN,no
378,Phone Cooling Radiator Semiconductor Gaming,Phone Cooling Radiator Semiconductor Gaming.,https://www.yeatru.com/product-378.html,https://cdn.jsdelivr.net/gh/Yeatru/Image@main/Images/YCS-MOT-002-001.png,,4.63 USD,in_stock,new,Yeatru Sourcing,YCS-MOT-002,,Home & Garden > Microphones/Audio,,US,Standard DDP,0.00 USD,portable handheld (130mm × 23mm ± 5mm),3,7,7,35,US,0.00,CN,no
379,Phone Accessory Mobile Cooler,Phone Accessory Mobile Cooler.,https://www.yeatru.com/product-379.html,https://cdn.jsdelivr.net/gh/Yeatru/Image@main/Images/YCS-MOT-003.png,,0.88 USD,in_stock,new,Yeatru Sourcing,YCS-MOT-003,,Home & Garden > Microphones/Audio,,US,Standard DDP,0.00 USD,,3,7,7,35,US,0.00,CN,no
380,Black Microphone Professional Studio,Black Microphone Professional Studio. Available in Black.,https://www.yeatru.com/product-380.html,https://cdn.jsdelivr.net/gh/Yeatru/Image@main/Images/YCS-MOT-004.png,,49.43 USD,in_stock,new,Yeatru Sourcing,YCS-MOT-004,,Home & Garden > Microphones/Audio,,US,Standard DDP,0.00 USD,portable handheld (130mm × 23mm ± 5mm),3,7,7,35,US,0.00,CN,no
381,Microphone Professional Studio,Microphone Professional Studio. Available in Black.,https://www.yeatru.com/product-381.html,https://cdn.jsdelivr.net/gh/Yeatru/Image@main/Images/YCS-MOT-005.png,,8.24 USD,in_stock,new,Yeatru Sourcing,YCS-MOT-005,,Home & Garden > Microphones/Audio,,US,Standard DDP,0.00 USD,portable handheld (130mm × 23mm ± 5mm),3,7,7,35,US,0.00,CN,no
382,Wireless Bluetooth Microphone Portable Karaoke 4 Colors,Wireless Bluetooth Microphone Portable Karaoke 4 Colors. Available in Blue.,https://www.yeatru.com/product-382.html,https://cdn.jsdelivr.net/gh/Yeatru/Image@main/Images/YCS-MOT-006.png,,1.71 USD,in_stock,new,Yeatru Sourcing,YCS-MOT-006,,Home & Garden > Microphones/Audio,,US,Standard DDP,0.00 USD,portable handheld (130mm × 23mm ± 5mm),3,7,7,35,US,0.00,CN,no
383,Black Microphone Wired Professional,Black Microphone Wired Professional. Available in Black.,https://www.yeatru.com/product-383.html,https://cdn.jsdelivr.net/gh/Yeatru/Image@main/Images/YCS-MOT-007.png,,12.36 USD,in_stock,new,Yeatru Sourcing,YCS-MOT-007,,Home & Garden > Microphones/Audio,,US,Standard DDP,0.00 USD,portable handheld (130mm × 23mm ± 5mm),3,7,7,35,US,0.00,CN,no
384,Microphone Professional Studio,Microphone Professional Studio.,https://www.yeatru.com/product-384.html,https://cdn.jsdelivr.net/gh/Yeatru/Image@main/Images/YCS-MOT-008.png,,4.72 USD,in_stock,new,Yeatru Sourcing,YCS-MOT-008,,Home & Garden > Microphones/Audio,,US,Standard DDP,0.00 USD,portable handheld (130mm × 23mm ± 5mm),3,7,7,35,US,0.00,CN,no
385,Microphone Professional Studio,Microphone Professional Studio.,https://www.yeatru.com/product-385.html,https://cdn.jsdelivr.net/gh/Yeatru/Image@main/Images/YCS-MOT-009.png,,110.55 USD,in_stock,new,Yeatru Sourcing,YCS-MOT-009,,Home & Garden > Microphones/Audio,,US,Standard DDP,0.00 USD,portable handheld (130mm × 23mm ± 5mm),3,7,7,35,US,0.00,CN,no
386,"Phone Screen Magnifier HD Foldable 10""","Phone Screen Magnifier HD Foldable 10"". Available in Black. Sizes: 10寸, 12寸.",https://www.yeatru.com/product-386.html,https://cdn.jsdelivr.net/gh/Yeatru/Image@main/Images/YCS-MOT-010-001.png,,0.41 USD,in_stock,new,Yeatru Sourcing,YCS-MOT-010,,Home & Garden > Microphones/Audio,,US,Standard DDP,0.00 USD,10寸 / 12寸,3,7,7,35,US,0.00,CN,no
387,Magnetic Phone Case Wireless Charging Compatible Headphones,Magnetic Phone Case Wireless Charging Compatible Headphones.,https://www.yeatru.com/product-387.html,https://cdn.jsdelivr.net/gh/Yeatru/Image@main/Images/YCS-MOT-011.png,,2.23 USD,in_stock,new,Yeatru Sourcing,YCS-MOT-011,,Home & Garden > Microphones/Audio,,US,Standard DDP,0.00 USD,in-ear (s/m/l silicone tips),3,7,7,35,US,0.00,CN,no
388,Black Earphones Wired In-Ear,Black Earphones Wired In-Ear. Available in Black.,https://www.yeatru.com/product-388.html,https://cdn.jsdelivr.net/gh/Yeatru/Image@main/Images/YCS-MOT-012.png,,1.17 USD,in_stock,new,Yeatru Sourcing,YCS-MOT-012,,Home & Garden > Microphones/Audio,,US,Standard DDP,0.00 USD,in-ear (s/m/l silicone tips),3,7,7,35,US,0.00,CN,no
389,"LCD Writing Tablet Digital Drawing Kids 10""","LCD Writing Tablet Digital Drawing Kids 10"". Sizes: 10寸, 5寸.",https://www.yeatru.com/product-389.html,https://cdn.jsdelivr.net/gh/Yeatru/Image@main/Images/YCS-MOT-013-001.png,,0.65 USD,in_stock,new,Yeatru Sourcing,YCS-MOT-013,,Home & Garden > Microphones/Audio,,US,Standard DDP,0.00 USD,10寸 / 5寸,3,7,7,35,US,0.00,CN,no
390,"LCD Writing Tablet Digital Drawing Kids 16""","LCD Writing Tablet Digital Drawing Kids 16"". Sizes: 16寸.",https://www.yeatru.com/product-390.html,https://cdn.jsdelivr.net/gh/Yeatru/Image@main/Images/YCS-MOT-014.png,,2.18 USD,in_stock,new,Yeatru Sourcing,YCS-MOT-014,,Home & Garden > Microphones/Audio,,US,Standard DDP,0.00 USD,16寸,3,7,7,35,US,0.00,CN,no
391,Microphone Professional Studio,Microphone Professional Studio.,https://www.yeatru.com/product-391.html,https://cdn.jsdelivr.net/gh/Yeatru/Image@main/Images/YCS-MOT-015.png,,2.06 USD,in_stock,new,Yeatru Sourcing,YCS-MOT-015,,Home & Garden > Microphones/Audio,,US,Standard DDP,0.00 USD,portable handheld (130mm × 23mm ± 5mm),3,7,7,35,US,0.00,CN,no
392,ND Filter Lens Variable Nd2-400 Camera,ND Filter Lens Variable Nd2-400 Camera.,https://www.yeatru.com/product-392.html,https://cdn.jsdelivr.net/gh/Yeatru/Image@main/Images/YCS-MOT-017-001.png,,2.49 USD,in_stock,new,Yeatru Sourcing,YCS-MOT-017,,Home & Garden > Microphones/Audio,,US,Standard DDP,0.00 USD,,3,7,7,35,US,0.00,CN,no
393,Magnetic Phone Case Wireless Charging Compatible Earphone,Magnetic Phone Case Wireless Charging Compatible Earphone.,https://www.yeatru.com/product-393.html,https://cdn.jsdelivr.net/gh/Yeatru/Image@main/Images/YCS-MOT-019.png,,10.30 USD,in_stock,new,Yeatru Sourcing,YCS-MOT-019,,Home & Garden > Microphones/Audio,,US,Standard DDP,0.00 USD,in-ear (s/m/l silicone tips),3,7,7,35,US,0.00,CN,no
394,White Earphones Wired In-Ear,White Earphones Wired In-Ear. Available in White.,https://www.yeatru.com/product-394.html,https://cdn.jsdelivr.net/gh/Yeatru/Image@main/Images/YCS-MOT-020.png,,1.89 USD,in_stock,new,Yeatru Sourcing,YCS-MOT-020,,Home & Garden > Microphones/Audio,,US,Standard DDP,0.00 USD,in-ear (s/m/l silicone tips),3,7,7,35,US,0.00,CN,no
395,Automatic Can Sealing Machine Bottle Jar Sealer,Automatic Can Sealing Machine Bottle Jar Sealer.,https://www.yeatru.com/product-395.html,https://cdn.jsdelivr.net/gh/Yeatru/Image@main/Images/YCS-MSF-001.png,,394.78 USD,in_stock,new,Yeatru Sourcing,YCS-MSF-001,,Home & Garden > MSF,,US,Standard DDP,0.00 USD,,3,7,7,35,US,0.00,CN,no
396,Phone Camera Lens Protector Anti-Scratch HD Clear,Phone Camera Lens Protector Anti-Scratch HD Clear.,https://www.yeatru.com/product-396.html,https://cdn.jsdelivr.net/gh/Yeatru/Image@main/Images/YCS-MSK-001.jpg,,0.15 USD,in_stock,new,Yeatru Sourcing,YCS-MSK-001,,Home & Garden > Screen Protectors,,US,Standard DDP,0.00 USD,,3,7,7,35,US,0.00,CN,no
397,Anti-Spy Tempered Glass Screen Protector 9H,Anti-Spy Tempered Glass Screen Protector 9H.,https://www.yeatru.com/product-397.html,https://cdn.jsdelivr.net/gh/Yeatru/Image@main/Images/YCS-MSK-002.jpg,,0.15 USD,in_stock,new,Yeatru Sourcing,YCS-MSK-002,,Home & Garden > Screen Protectors,,US,Standard DDP,0.00 USD,,3,7,7,35,US,0.00,CN,no
398,Tempered Glass Screen Protector Anti-Scratch 9H,Tempered Glass Screen Protector Anti-Scratch 9H.,https://www.yeatru.com/product-398.html,https://cdn.jsdelivr.net/gh/Yeatru/Image@main/Images/YCS-MSK-003.jpg,,3.26 USD,in_stock,new,Yeatru Sourcing,YCS-MSK-003,,Home & Garden > Screen Protectors,,US,Standard DDP,0.00 USD,,3,7,7,35,US,0.00,CN,no
399,Clear Wall Hook Adhesive Heavy Duty 30 Wire,Clear Wall Hook Adhesive Heavy Duty 30 Wire.,https://www.yeatru.com/product-399.html,https://cdn.jsdelivr.net/gh/Yeatru/Image@main/Images/YCS-MSS-001.jpg,,0.01 USD,in_stock,new,Yeatru Sourcing,YCS-MSS-001,,Home & Garden > Storage & Organization,,US,Standard DDP,0.00 USD,,3,7,7,35,US,0.00,CN,no
400,Hook Coat Hat Rack Wall Mount Metal,"Hook Coat Hat Rack Wall Mount Metal. Sizes: 1 hook, 6 hooks.",https://www.yeatru.com/product-400.html,https://cdn.jsdelivr.net/gh/Yeatru/Image@main/Images/YCS-MSS-002.jpg,,0.03 USD,in_stock,new,Yeatru Sourcing,YCS-MSS-002,,Home & Garden > Storage & Organization,,US,Standard DDP,0.00 USD,6 hooks / 1 hook,3,7,7,35,US,0.00,CN,no
401,Silicone Suction Cup Hook Wall Mount Reusable,Silicone Suction Cup Hook Wall Mount Reusable.,https://www.yeatru.com/product-401.html,https://cdn.jsdelivr.net/gh/Yeatru/Image@main/Images/YCS-MSS-003.jpg,,0.65 USD,in_stock,new,Yeatru Sourcing,YCS-MSS-003,,Home & Garden > Storage & Organization,,US,Standard DDP,0.00 USD,,3,7,7,35,US,0.00,CN,no
402,Folding Drying Rack Indoor Wall Mount,Folding Drying Rack Indoor Wall Mount. Available in Blue.,https://www.yeatru.com/product-402.html,https://cdn.jsdelivr.net/gh/Yeatru/Image@main/Images/YCS-MSS-004-001.png,,1.12 USD,in_stock,new,Yeatru Sourcing,YCS-MSS-004,,Home & Garden > Storage & Organization,,US,Standard DDP,0.00 USD,custom size (sizes depend on variant),3,7,7,35,US,0.00,CN,no
403,Floor Standing Drying Rack Indoor Adjustable,"Floor Standing Drying Rack Indoor Adjustable. Available in Black, White.",https://www.yeatru.com/product-403.html,https://cdn.jsdelivr.net/gh/Yeatru/Image@main/Images/YCS-MSS-005-002_1.png,,3.26 USD,in_stock,new,Yeatru Sourcing,YCS-MSS-005,,Home & Garden > Storage & Organization,,US,Standard DDP,0.00 USD,custom size (sizes depend on variant),3,7,7,35,US,0.00,CN,no
404,Floor Standing Drying Rack Indoor Adjustable,Floor Standing Drying Rack Indoor Adjustable. Available in Black.,https://www.yeatru.com/product-404.html,https://cdn.jsdelivr.net/gh/Yeatru/Image@main/Images/YCS-MSS-006-001.png,,5.45 USD,in_stock,new,Yeatru Sourcing,YCS-MSS-006,,Home & Garden > Storage & Organization,,US,Standard DDP,0.00 USD,custom size (sizes depend on variant),3,7,7,35,US,0.00,CN,no
405,Folding Drying Rack Indoor Wall Mount,Folding Drying Rack Indoor Wall Mount.,https://www.yeatru.com/product-405.html,https://cdn.jsdelivr.net/gh/Yeatru/Image@main/Images/YCS-MSS-007.png,,1.34 USD,in_stock,new,Yeatru Sourcing,YCS-MSS-007,,Home & Garden > Storage & Organization,,US,Standard DDP,0.00 USD,custom size (sizes depend on variant),3,7,7,35,US,0.00,CN,no
406,Clothes Hanger Hook Wall Mount Storage,Clothes Hanger Hook Wall Mount Storage.,https://www.yeatru.com/product-406.html,https://cdn.jsdelivr.net/gh/Yeatru/Image@main/Images/YCS-MSS-011.png,,0.46 USD,in_stock,new,Yeatru Sourcing,YCS-MSS-011,,Home & Garden > Storage & Organization,,US,Standard DDP,0.00 USD,,3,7,7,35,US,0.00,CN,no
407,8-Tone Kalimba Hand Harp Music Kids,8-Tone Kalimba Hand Harp Music Kids.,https://www.yeatru.com/product-407.html,https://cdn.jsdelivr.net/gh/Yeatru/Image@main/Images/YCS-MUS-001.png,,1.63 USD,in_stock,new,Yeatru Sourcing,YCS-MUS-001,,Home & Garden > Musical Instruments,,US,Standard DDP,0.00 USD,,3,7,7,35,US,0.00,CN,no
408,"Black Acoustic Guitar 38 Inch Beginner 38""","Black Acoustic Guitar 38 Inch Beginner 38"". Available in Black. Sizes: 38寸.",https://www.yeatru.com/product-408.html,https://cdn.jsdelivr.net/gh/Yeatru/Image@main/Images/YCS-MUS-002.png,,11.33 USD,in_stock,new,Yeatru Sourcing,YCS-MUS-002,,Home & Garden > Musical Instruments,,US,Standard DDP,0.00 USD,38寸,3,7,7,35,US,0.00,CN,no
409,Acoustic Guitar 38 Inch Beginner Musical,Acoustic Guitar 38 Inch Beginner Musical. Sizes: 38寸.,https://www.yeatru.com/product-409.html,https://cdn.jsdelivr.net/gh/Yeatru/Image@main/Images/YCS-MUS-003.png,,11.33 USD,in_stock,new,Yeatru Sourcing,YCS-MUS-003,,Home & Garden > Musical Instruments,,US,Standard DDP,0.00 USD,38寸,3,7,7,35,US,0.00,CN,no
410,Ergonomic Office Chair Swivel Comfortable,Ergonomic Office Chair Swivel Comfortable.,https://www.yeatru.com/product-410.html,https://cdn.jsdelivr.net/gh/Yeatru/Image@main/Images/YCS-OFC-001-001.png,,2.92 USD,in_stock,new,Yeatru Sourcing,YCS-OFC-001,,Home & Garden > OFC,,US,Standard DDP,0.00 USD,portable handheld (130mm × 23mm ± 5mm),3,7,7,35,US,0.00,CN,no
411,Digital Timer Kitchen Magnetic Countdown,Digital Timer Kitchen Magnetic Countdown.,https://www.yeatru.com/product-411.html,https://cdn.jsdelivr.net/gh/Yeatru/Image@main/Images/YCS-OFC-003.png,,2.57 USD,in_stock,new,Yeatru Sourcing,YCS-OFC-003,,Home & Garden > OFC,,US,Standard DDP,0.00 USD,,3,7,7,35,US,0.00,CN,no
412,Black Office Chair Ergonomic Swivel Comfortable Black,Black Office Chair Ergonomic Swivel Comfortable Black. Available in Black.,https://www.yeatru.com/product-412.html,https://cdn.jsdelivr.net/gh/Yeatru/Image@main/Images/YCS-OFC-004.png,,24.89 USD,in_stock,new,Yeatru Sourcing,YCS-OFC-004,,Home & Garden > OFC,,US,Standard DDP,0.00 USD,portable handheld (130mm × 23mm ± 5mm),3,7,7,35,US,0.00,CN,no
413,Solid PC Phone Case Smooth Surface Large Caliber,Solid PC Phone Case Smooth Surface Large Caliber.,https://www.yeatru.com/product-413.html,https://cdn.jsdelivr.net/gh/Yeatru/Image@main/Images/YCS-OTH-001.jpg,,0.26 USD,in_stock,new,Yeatru Sourcing,YCS-OTH-001,,Home & Garden > Other,,US,Standard DDP,0.00 USD,"iphone 15 series (6.1"")",3,7,7,35,US,0.00,CN,no
414,"5 цветов, по 140 пар каждого цвета Product Accessory","5 цветов, по 140 пар каждого цвета Product Accessory.",https://www.yeatru.com/product-414.html,https://cdn.jsdelivr.net/gh/Yeatru/Image@main/Images/Product%20Sourcing.jpg,,0.77 USD,in_stock,new,Yeatru Sourcing,YCS-OTH-002,,Home & Garden > Other,,US,Standard DDP,0.00 USD,,3,7,7,35,US,0.00,CN,no
415,"单价10.5是单层定制款，容量是350ml的.Цена за единицу: 10.5 (однослойная модель на заказ,","单价10.5是单层定制款，容量是350ml的.Цена за единицу: 10.5 (однослойная модель на заказ,.",https://www.yeatru.com/product-415.html,https://cdn.jsdelivr.net/gh/Yeatru/Image@main/Images/YCS-OTH-003.jpg,,2.75 USD,in_stock,new,Yeatru Sourcing,YCS-OTH-003,,Home & Garden > Other,,US,Standard DDP,0.00 USD,,3,7,7,35,US,0.00,CN,no
416,缺货，目前只有 Product Accessory,缺货，目前只有 Product Accessory.,https://www.yeatru.com/product-416.html,https://cdn.jsdelivr.net/gh/Yeatru/Image@main/Images/Product%20Sourcing.jpg,,3.18 USD,in_stock,new,Yeatru Sourcing,YCS-OTH-004,,Home & Garden > Other,,US,Standard DDP,0.00 USD,,3,7,7,35,US,0.00,CN,no
417,Storage Container General Purpose Accessory,Storage Container General Purpose Accessory.,https://www.yeatru.com/product-417.html,https://cdn.jsdelivr.net/gh/Yeatru/Image@main/Images/YCS-OTH-005.jpg,,0.84 USD,in_stock,new,Yeatru Sourcing,YCS-OTH-005,,Home & Garden > Other,,US,Standard DDP,0.00 USD,,3,7,7,35,US,0.00,CN,no
418,Black Phone Case Cover for iPhone Samsung,Black Phone Case Cover for iPhone Samsung. Available in Black.,https://www.yeatru.com/product-418.html,https://cdn.jsdelivr.net/gh/Yeatru/Image@main/Images/YCS-OTH-006.png,,0.34 USD,in_stock,new,Yeatru Sourcing,YCS-OTH-006,,Home & Garden > Other,,US,Standard DDP,0.00 USD,"iphone 15 series (6.1"")",3,7,7,35,US,0.00,CN,no
419,White Phone Case Cover for iPhone Samsung,White Phone Case Cover for iPhone Samsung. Available in White.,https://www.yeatru.com/product-419.html,https://cdn.jsdelivr.net/gh/Yeatru/Image@main/Images/YCS-OTH-007.png,,0.34 USD,in_stock,new,Yeatru Sourcing,YCS-OTH-007,,Home & Garden > Other,,US,Standard DDP,0.00 USD,"iphone 15 series (6.1"")",3,7,7,35,US,0.00,CN,no
420,Red Phone Case Cover for iPhone Samsung,Red Phone Case Cover for iPhone Samsung. Available in Red.,https://www.yeatru.com/product-420.html,https://cdn.jsdelivr.net/gh/Yeatru/Image@main/Images/YCS-OTH-008.jpg,,2.66 USD,in_stock,new,Yeatru Sourcing,YCS-OTH-008,,Home & Garden > Other,,US,Standard DDP,0.00 USD,"iphone 15 series (6.1"")",3,7,7,35,US,0.00,CN,no
421,Green Phone Case Cover for iPhone Samsung,Green Phone Case Cover for iPhone Samsung. Available in Green.,https://www.yeatru.com/product-421.html,https://cdn.jsdelivr.net/gh/Yeatru/Image@main/Images/YCS-OTH-009.jpg,,2.66 USD,in_stock,new,Yeatru Sourcing,YCS-OTH-009,,Home & Garden > Other,,US,Standard DDP,0.00 USD,"iphone 15 series (6.1"")",3,7,7,35,US,0.00,CN,no
422,18*23散装（银丝+木纤维） Product Accessory,18*23散装（银丝+木纤维） Product Accessory. Available in Silver. Sizes: 18x23.,https://www.yeatru.com/product-422.html,https://cdn.jsdelivr.net/gh/Yeatru/Image@main/Images/YCS-OTH-010.jpg,,0.23 USD,in_stock,new,Yeatru Sourcing,YCS-OTH-010,,Home & Garden > Other,,US,Standard DDP,0.00 USD,18x23,3,7,7,35,US,0.00,CN,no
423,General Purpose Product Accessory 26x30,General Purpose Product Accessory 26x30. Sizes: 26x30.,https://www.yeatru.com/product-423.html,https://cdn.jsdelivr.net/gh/Yeatru/Image@main/Images/YCS-OTH-011.jpg,,0.52 USD,in_stock,new,Yeatru Sourcing,YCS-OTH-011,,Home & Garden > Other,,US,Standard DDP,0.00 USD,26x30,3,7,7,35,US,0.00,CN,no
424,General Purpose Product Accessory Small,General Purpose Product Accessory Small.,https://www.yeatru.com/product-424.html,https://cdn.jsdelivr.net/gh/Yeatru/Image@main/Images/Product%20Sourcing.jpg,,3.18 USD,in_stock,new,Yeatru Sourcing,YCS-OTH-012,,Home & Garden > Other,,US,Standard DDP,0.00 USD,,3,7,7,35,US,0.00,CN,no
425,General Purpose Product Accessory Medium,General Purpose Product Accessory Medium.,https://www.yeatru.com/product-425.html,https://cdn.jsdelivr.net/gh/Yeatru/Image@main/Images/Product%20Sourcing.jpg,,4.12 USD,in_stock,new,Yeatru Sourcing,YCS-OTH-013,,Home & Garden > Other,,US,Standard DDP,0.00 USD,,3,7,7,35,US,0.00,CN,no
426,General Purpose Product Accessory Medium,General Purpose Product Accessory Medium.,https://www.yeatru.com/product-426.html,https://cdn.jsdelivr.net/gh/Yeatru/Image@main/Images/Product%20Sourcing.jpg,,4.55 USD,in_stock,new,Yeatru Sourcing,YCS-OTH-014,,Home & Garden > Other,,US,Standard DDP,0.00 USD,,3,7,7,35,US,0.00,CN,no
427,General Purpose Product Accessory Large,General Purpose Product Accessory Large.,https://www.yeatru.com/product-427.html,https://cdn.jsdelivr.net/gh/Yeatru/Image@main/Images/Product%20Sourcing.jpg,,5.06 USD,in_stock,new,Yeatru Sourcing,YCS-OTH-015,,Home & Garden > Other,,US,Standard DDP,0.00 USD,,3,7,7,35,US,0.00,CN,no
428,General Purpose Product Accessory Large,General Purpose Product Accessory Large.,https://www.yeatru.com/product-428.html,https://cdn.jsdelivr.net/gh/Yeatru/Image@main/Images/Product%20Sourcing.jpg,,6.09 USD,in_stock,new,Yeatru Sourcing,YCS-OTH-016,,Home & Garden > Other,,US,Standard DDP,0.00 USD,,3,7,7,35,US,0.00,CN,no
429,Camping Tent Outdoor Waterproof Portable,Camping Tent Outdoor Waterproof Portable. Available in Pink.,https://www.yeatru.com/product-429.html,https://cdn.jsdelivr.net/gh/Yeatru/Image@main/Images/YCS-OUT-001.png,,4.98 USD,in_stock,new,Yeatru Sourcing,YCS-OUT-001,,Home & Garden > Outdoor,,US,Standard DDP,0.00 USD,,3,7,7,35,US,0.00,CN,no
430,Camping Tent Outdoor Waterproof Portable,Camping Tent Outdoor Waterproof Portable. Available in Blue.,https://www.yeatru.com/product-430.html,https://cdn.jsdelivr.net/gh/Yeatru/Image@main/Images/YCS-OUT-002.png,,5.66 USD,in_stock,new,Yeatru Sourcing,YCS-OUT-002,,Home & Garden > Outdoor,,US,Standard DDP,0.00 USD,,3,7,7,35,US,0.00,CN,no
431,Camping Tent Outdoor Waterproof,Camping Tent Outdoor Waterproof.,https://www.yeatru.com/product-431.html,https://cdn.jsdelivr.net/gh/Yeatru/Image@main/Images/YCS-OUT-003.png,,5.66 USD,in_stock,new,Yeatru Sourcing,YCS-OUT-003,,Home & Garden > Outdoor,,US,Standard DDP,0.00 USD,,3,7,7,35,US,0.00,CN,no
432,Detox Foot Patches Wellness Cleaning 10 Pack,Detox Foot Patches Wellness Cleaning 10 Pack.,https://www.yeatru.com/product-432.html,https://cdn.jsdelivr.net/gh/Yeatru/Image@main/Images/YCS-PCR-001.jpg,,0.48 USD,in_stock,new,Yeatru Sourcing,YCS-PCR-001,,Home & Garden > Personal Care,,US,Standard DDP,0.00 USD,,3,7,7,35,US,0.00,CN,no
433,Automatic Soap Dispenser Touchless Sensor,Automatic Soap Dispenser Touchless Sensor. Available in Black.,https://www.yeatru.com/product-433.html,https://cdn.jsdelivr.net/gh/Yeatru/Image@main/Images/YCS-PCR-002-001.png,,6.44 USD,in_stock,new,Yeatru Sourcing,YCS-PCR-002,,Home & Garden > Personal Care,,US,Standard DDP,0.00 USD,,3,7,7,35,US,0.00,CN,no
434,Soap Dish Holder Drainage Bathroom,Soap Dish Holder Drainage Bathroom.,https://www.yeatru.com/product-434.html,https://cdn.jsdelivr.net/gh/Yeatru/Image@main/Images/YCS-PCR-003.png,,0.15 USD,in_stock,new,Yeatru Sourcing,YCS-PCR-003,,Home & Garden > Personal Care,,US,Standard DDP,0.00 USD,,3,7,7,35,US,0.00,CN,no
435,Foot Bath Massager Tub Electric Spa,Foot Bath Massager Tub Electric Spa.,https://www.yeatru.com/product-435.html,https://cdn.jsdelivr.net/gh/Yeatru/Image@main/Images/YCS-PCR-004.png,,2.90 USD,in_stock,new,Yeatru Sourcing,YCS-PCR-004,,Home & Garden > Personal Care,,US,Standard DDP,0.00 USD,,3,7,7,35,US,0.00,CN,no
436,Calf Leg Massager Air Compression Electric,Calf Leg Massager Air Compression Electric.,https://www.yeatru.com/product-436.html,https://cdn.jsdelivr.net/gh/Yeatru/Image@main/Images/YCS-PCR-005.png,,2.90 USD,in_stock,new,Yeatru Sourcing,YCS-PCR-005,,Home & Garden > Personal Care,,US,Standard DDP,0.00 USD,,3,7,7,35,US,0.00,CN,no
437,Folding Massage Table Portable Spa,Folding Massage Table Portable Spa.,https://www.yeatru.com/product-437.html,https://cdn.jsdelivr.net/gh/Yeatru/Image@main/Images/YCS-PCR-006.png,,3.00 USD,in_stock,new,Yeatru Sourcing,YCS-PCR-006,,Home & Garden > Personal Care,,US,Standard DDP,0.00 USD,,3,7,7,35,US,0.00,CN,no
438,Foot Massager Machine Electric Relaxation,Foot Massager Machine Electric Relaxation.,https://www.yeatru.com/product-438.html,https://cdn.jsdelivr.net/gh/Yeatru/Image@main/Images/YCS-PCR-007.png,,1.37 USD,in_stock,new,Yeatru Sourcing,YCS-PCR-007,,Home & Garden > Personal Care,,US,Standard DDP,0.00 USD,,3,7,7,35,US,0.00,CN,no
439,White Personal Care Product Daily Empty 500Ml,"White Personal Care Product Daily Empty 500Ml. Available in Black, White. Sizes: 500ml.",https://www.yeatru.com/product-439.html,https://cdn.jsdelivr.net/gh/Yeatru/Image@main/Images/YCS-PCR-008-001.png,,2.35 USD,in_stock,new,Yeatru Sourcing,YCS-PCR-008,,Home & Garden > Personal Care,,US,Standard DDP,0.00 USD,500ml,3,7,7,35,US,0.00,CN,no
440,Soap Dish Holder Drainage Bathroom,Soap Dish Holder Drainage Bathroom.,https://www.yeatru.com/product-440.html,https://cdn.jsdelivr.net/gh/Yeatru/Image@main/Images/YCS-PCR-009.png,,1.01 USD,in_stock,new,Yeatru Sourcing,YCS-PCR-009,,Home & Garden > Personal Care,,US,Standard DDP,0.00 USD,,3,7,7,35,US,0.00,CN,no
441,Cat Teasing Ball Toy Interactive Pet Supply,Cat Teasing Ball Toy Interactive Pet Supply.,https://www.yeatru.com/product-441.html,https://cdn.jsdelivr.net/gh/Yeatru/Image@main/Images/YCS-PET-001.png,,1.03 USD,in_stock,new,Yeatru Sourcing,YCS-PET-001,,Home & Garden > PET,,US,Standard DDP,0.00 USD,,3,7,7,35,US,0.00,CN,no
442,Photography Fill Light Stand Adjustable Camera,Photography Fill Light Stand Adjustable Camera.,https://www.yeatru.com/product-442.html,https://cdn.jsdelivr.net/gh/Yeatru/Image@main/Images/YCS-PHO-001.png,,15.62 USD,in_stock,new,Yeatru Sourcing,YCS-PHO-001,,Home & Garden > Photography,,US,Standard DDP,0.00 USD,,3,7,7,35,US,0.00,CN,no
443,Photography Accessory Camera Lens Filter,Photography Accessory Camera Lens Filter.,https://www.yeatru.com/product-443.html,https://cdn.jsdelivr.net/gh/Yeatru/Image@main/Images/YCS-PHO-002.png,,2.92 USD,in_stock,new,Yeatru Sourcing,YCS-PHO-002,,Home & Garden > Photography,,US,Standard DDP,0.00 USD,,3,7,7,35,US,0.00,CN,no
444,"LED Fill Light Photography Adjustable 10""","LED Fill Light Photography Adjustable 10"". Sizes: 10寸.",https://www.yeatru.com/product-444.html,https://cdn.jsdelivr.net/gh/Yeatru/Image@main/Images/YCS-PHO-003-001.png,,1.80 USD,in_stock,new,Yeatru Sourcing,YCS-PHO-003,,Home & Garden > Photography,,US,Standard DDP,0.00 USD,10寸,3,7,7,35,US,0.00,CN,no
445,DJI Pocket 3 Standard Camera Portable 4K,DJI Pocket 3 Standard Camera Portable 4K.,https://www.yeatru.com/product-445.html,https://cdn.jsdelivr.net/gh/Yeatru/Image@main/Images/YCS-PHO-004.png,,3.78 USD,in_stock,new,Yeatru Sourcing,YCS-PHO-004,,Home & Garden > Photography,,US,Standard DDP,0.00 USD,,3,7,7,35,US,0.00,CN,no
446,LED Fill Light Photography Adjustable,LED Fill Light Photography Adjustable.,https://www.yeatru.com/product-446.html,https://cdn.jsdelivr.net/gh/Yeatru/Image@main/Images/YCS-PHO-005.png,,11.67 USD,in_stock,new,Yeatru Sourcing,YCS-PHO-005,,Home & Garden > Photography,,US,Standard DDP,0.00 USD,,3,7,7,35,US,0.00,CN,no
447,White Mini Camera 4K Portable,White Mini Camera 4K Portable. Available in White.,https://www.yeatru.com/product-447.html,https://cdn.jsdelivr.net/gh/Yeatru/Image@main/Images/YCS-PHO-006.png,,10.13 USD,in_stock,new,Yeatru Sourcing,YCS-PHO-006,,Home & Garden > Photography,,US,Standard DDP,0.00 USD,,3,7,7,35,US,0.00,CN,no
448,Photography Accessory Camera Mini,Photography Accessory Camera Mini.,https://www.yeatru.com/product-448.html,https://cdn.jsdelivr.net/gh/Yeatru/Image@main/Images/YCS-PHO-007.png,,6.18 USD,in_stock,new,Yeatru Sourcing,YCS-PHO-007,,Home & Garden > Photography,,US,Standard DDP,0.00 USD,,3,7,7,35,US,0.00,CN,no
449,Photography Accessory Camera Equipment,Photography Accessory Camera Equipment.,https://www.yeatru.com/product-449.html,https://cdn.jsdelivr.net/gh/Yeatru/Image@main/Images/YCS-PHO-008.png,,15.62 USD,in_stock,new,Yeatru Sourcing,YCS-PHO-008,,Home & Garden > Photography,,US,Standard DDP,0.00 USD,,3,7,7,35,US,0.00,CN,no
450,Beach Sandals Summer Casual 2 Pairs,Beach Sandals Summer Casual 2 Pairs.,https://www.yeatru.com/product-450.html,https://cdn.jsdelivr.net/gh/Yeatru/Image@main/Images/YCS-SHO-001.png,,7.04 USD,in_stock,new,Yeatru Sourcing,YCS-SHO-001,,Home & Garden > Shoes,,US,Standard DDP,0.00 USD,eur 39–45 (us 7–11),3,7,7,35,US,0.00,CN,no
451,Electric Shoe Dryer Machine Warm Air Quick Dry,Electric Shoe Dryer Machine Warm Air Quick Dry.,https://www.yeatru.com/product-451.html,https://cdn.jsdelivr.net/gh/Yeatru/Image@main/Images/YCS-SHO-002.png,,4.63 USD,in_stock,new,Yeatru Sourcing,YCS-SHO-002,,Home & Garden > Shoes,,US,Standard DDP,0.00 USD,eur 39–45 (us 7–11),3,7,7,35,US,0.00,CN,no
452,Martin Boots Ankle Fashion,Martin Boots Ankle Fashion.,https://www.yeatru.com/product-452.html,https://cdn.jsdelivr.net/gh/Yeatru/Image@main/Images/YCS-SHO-003.png,,5.30 USD,in_stock,new,Yeatru Sourcing,YCS-SHO-003,,Home & Garden > Shoes,,US,Standard DDP,0.00 USD,eur 39–45 (us 7–11),3,7,7,35,US,0.00,CN,no
453,Martin Boots Ankle Fashion,Martin Boots Ankle Fashion.,https://www.yeatru.com/product-453.html,https://cdn.jsdelivr.net/gh/Yeatru/Image@main/Images/YCS-SHO-004.png,,3.60 USD,in_stock,new,Yeatru Sourcing,YCS-SHO-004,,Home & Garden > Shoes,,US,Standard DDP,0.00 USD,eur 39–45 (us 7–11),3,7,7,35,US,0.00,CN,no
454,Men's Casual Shoes Comfortable Sneakers,Men's Casual Shoes Comfortable Sneakers. Sizes: S.,https://www.yeatru.com/product-454.html,https://cdn.jsdelivr.net/gh/Yeatru/Image@main/Images/YCS-SHO-005.png,,3.95 USD,in_stock,new,Yeatru Sourcing,YCS-SHO-005,,Home & Garden > Shoes,,US,Standard DDP,0.00 USD,s,3,7,7,35,US,0.00,CN,no
455,Beige Shoes Casual Comfortable,"Beige Shoes Casual Comfortable. Available in Beige, Black, Pink.",https://www.yeatru.com/product-455.html,https://cdn.jsdelivr.net/gh/Yeatru/Image@main/Images/YCS-SHO-006-001.png,,7.72 USD,in_stock,new,Yeatru Sourcing,YCS-SHO-006,,Home & Garden > Shoes,,US,Standard DDP,0.00 USD,eur 39–45 (us 7–11),3,7,7,35,US,0.00,CN,no
456,Brown Shoes Casual Comfortable,"Brown Shoes Casual Comfortable. Available in Black, Brown, Gray, Pink.",https://www.yeatru.com/product-456.html,https://cdn.jsdelivr.net/gh/Yeatru/Image@main/Images/YCS-SHO-007-001.png,,4.46 USD,in_stock,new,Yeatru Sourcing,YCS-SHO-007,,Home & Garden > Shoes,,US,Standard DDP,0.00 USD,eur 39–45 (us 7–11),3,7,7,35,US,0.00,CN,no
457,Women's Casual Shoes Comfortable Sneakers,Women's Casual Shoes Comfortable Sneakers. Available in Green. Sizes: S.,https://www.yeatru.com/product-457.html,https://cdn.jsdelivr.net/gh/Yeatru/Image@main/Images/YCS-SHO-008.png,,4.46 USD,in_stock,new,Yeatru Sourcing,YCS-SHO-008,,Home & Garden > Shoes,,US,Standard DDP,0.00 USD,s,3,7,7,35,US,0.00,CN,no
458,White Shoes Casual Comfortable,"White Shoes Casual Comfortable. Available in Black, Green, White.",https://www.yeatru.com/product-458.html,https://cdn.jsdelivr.net/gh/Yeatru/Image@main/Images/YCS-SHO-009-001.png,,7.72 USD,in_stock,new,Yeatru Sourcing,YCS-SHO-009,,Home & Garden > Shoes,,US,Standard DDP,0.00 USD,eur 39–45 (us 7–11),3,7,7,35,US,0.00,CN,no
459,Women's Slippers Summer Casual Flat,Women's Slippers Summer Casual Flat. Available in Purple. Sizes: S.,https://www.yeatru.com/product-459.html,https://cdn.jsdelivr.net/gh/Yeatru/Image@main/Images/YCS-SHO-010.png,,7.72 USD,in_stock,new,Yeatru Sourcing,YCS-SHO-010,,Home & Garden > Shoes,,US,Standard DDP,0.00 USD,s,3,7,7,35,US,0.00,CN,no
460,Women's Floral Decor Slippers Indoor Soft,Women's Floral Decor Slippers Indoor Soft. Available in Floral. Sizes: S.,https://www.yeatru.com/product-460.html,https://cdn.jsdelivr.net/gh/Yeatru/Image@main/Images/YCS-SHO-011.jpg,,2.88 USD,in_stock,new,Yeatru Sourcing,YCS-SHO-011,,Home & Garden > Shoes,,US,Standard DDP,0.00 USD,s,3,7,7,35,US,0.00,CN,no
461,Women's Sandals Summer Casual Flat,Women's Sandals Summer Casual Flat. Sizes: S.,https://www.yeatru.com/product-461.html,https://cdn.jsdelivr.net/gh/Yeatru/Image@main/Images/YCS-SHO-012.jpg,,0.86 USD,in_stock,new,Yeatru Sourcing,YCS-SHO-012,,Home & Garden > Shoes,,US,Standard DDP,0.00 USD,s,3,7,7,35,US,0.00,CN,no
462,Rhinestone Decor Slippers Summer Fashion,Rhinestone Decor Slippers Summer Fashion.,https://www.yeatru.com/product-462.html,https://cdn.jsdelivr.net/gh/Yeatru/Image@main/Images/YCS-SHO-013.png,,3.78 USD,in_stock,new,Yeatru Sourcing,YCS-SHO-013,,Home & Garden > Shoes,,US,Standard DDP,0.00 USD,eur 39–45 (us 7–11),3,7,7,35,US,0.00,CN,no
463,Sports Running Shoes Athletic Lightweight,Sports Running Shoes Athletic Lightweight.,https://www.yeatru.com/product-463.html,https://cdn.jsdelivr.net/gh/Yeatru/Image@main/Images/YCS-SHO-014.png,,1.15 USD,in_stock,new,Yeatru Sourcing,YCS-SHO-014,,Home & Garden > Shoes,,US,Standard DDP,0.00 USD,s / m / l / xl / 2xl / 3xl,3,7,7,35,US,0.00,CN,no
464,Football Soccer Cleats Studded Professional,"Football Soccer Cleats Studded Professional. Available in White. Sizes: 40/41/42/43/44/45, 42/43/44.",https://www.yeatru.com/product-464.html,https://cdn.jsdelivr.net/gh/Yeatru/Image@main/Images/YCS-SHO-015-002_1.jpg,,11.16 USD,in_stock,new,Yeatru Sourcing,YCS-SHO-015,,Home & Garden > Shoes,,US,Standard DDP,0.00 USD,42/43/44 / 40/41/42/43/44/45,3,7,7,35,US,0.00,CN,no
465,Football Soccer Cleats Studded Professional Size 40,Football Soccer Cleats Studded Professional Size 40. Available in White. Sizes: 40/41/42/43/44/45.,https://www.yeatru.com/product-465.html,https://cdn.jsdelivr.net/gh/Yeatru/Image@main/Images/YCS-SHO-016-001.jpg,,11.50 USD,in_stock,new,Yeatru Sourcing,YCS-SHO-016,,Home & Garden > Shoes,,US,Standard DDP,0.00 USD,40/41/42/43/44/45,3,7,7,35,US,0.00,CN,no
466,Rhinestone Women's Shoes Elegant Fashion,Rhinestone Women's Shoes Elegant Fashion. Sizes: S.,https://www.yeatru.com/product-466.html,https://cdn.jsdelivr.net/gh/Yeatru/Image@main/Images/YCS-SHO-017.png,,6.83 USD,in_stock,new,Yeatru Sourcing,YCS-SHO-017,,Home & Garden > Shoes,,US,Standard DDP,0.00 USD,s,3,7,7,35,US,0.00,CN,no
467,Rose Red Women Shoes Casual Size 34,Rose Red Women Shoes Casual Size 34. Available in Red. Sizes: 34.,https://www.yeatru.com/product-467.html,https://cdn.jsdelivr.net/gh/Yeatru/Image@main/Images/YCS-SHO-022.png,,16.48 USD,in_stock,new,Yeatru Sourcing,YCS-SHO-022,,Home & Garden > Shoes,,US,Standard DDP,0.00 USD,34,3,7,7,35,US,0.00,CN,no
468,Men's Shoes Casual Comfortable Size 40,Men's Shoes Casual Comfortable Size 40. Sizes: 40.,https://www.yeatru.com/product-468.html,https://cdn.jsdelivr.net/gh/Yeatru/Image@main/Images/YCS-SHO-023.png,,21.97 USD,in_stock,new,Yeatru Sourcing,YCS-SHO-023,,Home & Garden > Shoes,,US,Standard DDP,0.00 USD,40,3,7,7,35,US,0.00,CN,no
469,Black Shoes Casual Comfortable,Black Shoes Casual Comfortable. Available in Black.,https://www.yeatru.com/product-469.html,https://cdn.jsdelivr.net/gh/Yeatru/Image@main/Images/YCS-SHO-024.png,,10.93 USD,in_stock,new,Yeatru Sourcing,YCS-SHO-024,,Home & Garden > Shoes,,US,Standard DDP,0.00 USD,eur 39–45 (us 7–11),3,7,7,35,US,0.00,CN,no
470,Shoe Insole Cushioning Comfort,Shoe Insole Cushioning Comfort.,https://www.yeatru.com/product-470.html,https://cdn.jsdelivr.net/gh/Yeatru/Image@main/Images/YCS-SHO-025.png,,0.38 USD,in_stock,new,Yeatru Sourcing,YCS-SHO-025,,Home & Garden > Shoes,,US,Standard DDP,0.00 USD,eur 39–45 (us 7–11),3,7,7,35,US,0.00,CN,no
471,White Shoes Casual Comfortable,White Shoes Casual Comfortable. Available in White.,https://www.yeatru.com/product-471.html,https://cdn.jsdelivr.net/gh/Yeatru/Image@main/Images/YCS-SHO-026.png,,0.57 USD,in_stock,new,Yeatru Sourcing,YCS-SHO-026,,Home & Garden > Shoes,,US,Standard DDP,0.00 USD,eur 39–45 (us 7–11),3,7,7,35,US,0.00,CN,no
472,Indoor Slippers Soft Comfortable Home,Indoor Slippers Soft Comfortable Home.,https://www.yeatru.com/product-472.html,https://cdn.jsdelivr.net/gh/Yeatru/Image@main/Images/YCS-SHO-027.png,,1.08 USD,in_stock,new,Yeatru Sourcing,YCS-SHO-027,,Home & Garden > Shoes,,US,Standard DDP,0.00 USD,eur 39–45 (us 7–11),3,7,7,35,US,0.00,CN,no
473,Men's Casual Shoes Comfortable Sneakers,Men's Casual Shoes Comfortable Sneakers. Sizes: S.,https://www.yeatru.com/product-473.html,https://cdn.jsdelivr.net/gh/Yeatru/Image@main/Images/YCS-SHO-028.jpg,,3.00 USD,in_stock,new,Yeatru Sourcing,YCS-SHO-028,,Home & Garden > Shoes,,US,Standard DDP,0.00 USD,s,3,7,7,35,US,0.00,CN,no
474,Shoes Casual Comfortable Size 44,Shoes Casual Comfortable Size 44. Sizes: 44.,https://www.yeatru.com/product-474.html,https://cdn.jsdelivr.net/gh/Yeatru/Image@main/Images/YCS-SHO-029.png,,22.31 USD,in_stock,new,Yeatru Sourcing,YCS-SHO-029,,Home & Garden > Shoes,,US,Standard DDP,0.00 USD,44,3,7,7,35,US,0.00,CN,no
475,Casual Shoes Comfortable Daily Wear,Casual Shoes Comfortable Daily Wear.,https://www.yeatru.com/product-475.html,https://cdn.jsdelivr.net/gh/Yeatru/Image@main/Images/YCS-SHO-030.png,,2.20 USD,in_stock,new,Yeatru Sourcing,YCS-SHO-030,,Home & Garden > Shoes,,US,Standard DDP,0.00 USD,eur 39–45 (us 7–11),3,7,7,35,US,0.00,CN,no
476,Women's Casual Shoes Comfortable Daily,Women's Casual Shoes Comfortable Daily. Sizes: S.,https://www.yeatru.com/product-476.html,https://cdn.jsdelivr.net/gh/Yeatru/Image@main/Images/YCS-SHO-031.png,,8.41 USD,in_stock,new,Yeatru Sourcing,YCS-SHO-031,,Home & Garden > Shoes,,US,Standard DDP,0.00 USD,s,3,7,7,35,US,0.00,CN,no
477,Black Shoes Casual Comfortable,Black Shoes Casual Comfortable. Available in Black.,https://www.yeatru.com/product-477.html,https://cdn.jsdelivr.net/gh/Yeatru/Image@main/Images/YCS-SHO-032.png,,1.15 USD,in_stock,new,Yeatru Sourcing,YCS-SHO-032,,Home & Garden > Shoes,,US,Standard DDP,0.00 USD,eur 39–45 (us 7–11),3,7,7,35,US,0.00,CN,no
478,White Shoes Casual Comfortable,White Shoes Casual Comfortable. Available in White.,https://www.yeatru.com/product-478.html,https://cdn.jsdelivr.net/gh/Yeatru/Image@main/Images/YCS-SHO-033.png,,1.15 USD,in_stock,new,Yeatru Sourcing,YCS-SHO-033,,Home & Garden > Shoes,,US,Standard DDP,0.00 USD,eur 39–45 (us 7–11),3,7,7,35,US,0.00,CN,no
479,White Shoes Casual Comfortable,White Shoes Casual Comfortable. Available in White. Sizes: 39.,https://www.yeatru.com/product-479.html,https://cdn.jsdelivr.net/gh/Yeatru/Image@main/Images/YCS-SHO-034.png,,5.24 USD,in_stock,new,Yeatru Sourcing,YCS-SHO-034,,Home & Garden > Shoes,,US,Standard DDP,0.00 USD,39,3,7,7,35,US,0.00,CN,no
480,White White Casual Sneakers Shoes Unisex Multi-Size,"White White Casual Sneakers Shoes Unisex Multi-Size. Available in Black, White.",https://www.yeatru.com/product-480.html,https://cdn.jsdelivr.net/gh/Yeatru/Image@main/Images/YCS-SHO-035-001.png,,2.66 USD,in_stock,new,Yeatru Sourcing,YCS-SHO-035,,Home & Garden > Shoes,,US,Standard DDP,0.00 USD,eur 39–45 (us 7–11),3,7,7,35,US,0.00,CN,no
481,White Sports Running Shoes Sneakers Black White Multi-Size,"White Sports Running Shoes Sneakers Black White Multi-Size. Available in Black, Multicolor, White.",https://www.yeatru.com/product-481.html,https://cdn.jsdelivr.net/gh/Yeatru/Image@main/Images/YCS-SHO-036-001.png,,4.98 USD,in_stock,new,Yeatru Sourcing,YCS-SHO-036,,Home & Garden > Shoes,,US,Standard DDP,0.00 USD,eur 39–45 (us 7–11),3,7,7,35,US,0.00,CN,no
482,Blue Athletic Sports Shoes Sneakers Blue Orange Multi-Size,"Blue Athletic Sports Shoes Sneakers Blue Orange Multi-Size. Available in Black, Blue, Orange, White.",https://www.yeatru.com/product-482.html,https://cdn.jsdelivr.net/gh/Yeatru/Image@main/Images/YCS-SHO-037-001.png,,4.81 USD,in_stock,new,Yeatru Sourcing,YCS-SHO-037,,Home & Garden > Shoes,,US,Standard DDP,0.00 USD,s / m / l / xl / 2xl / 3xl,3,7,7,35,US,0.00,CN,no
483,Blue Canvas Board Shoes Casual Sneakers Blue Multi-Size,"Blue Canvas Board Shoes Casual Sneakers Blue Multi-Size. Available in Blue, Multicolor.",https://www.yeatru.com/product-483.html,https://cdn.jsdelivr.net/gh/Yeatru/Image@main/Images/YCS-SHO-038-001.png,,3.95 USD,in_stock,new,Yeatru Sourcing,YCS-SHO-038,,Home & Garden > Shoes,,US,Standard DDP,0.00 USD,eur 39–45 (us 7–11),3,7,7,35,US,0.00,CN,no
484,White Black Casual Board Shoes Sneakers White Black Multi-Size,"White Black Casual Board Shoes Sneakers White Black Multi-Size. Available in Black, White.",https://www.yeatru.com/product-484.html,https://cdn.jsdelivr.net/gh/Yeatru/Image@main/Images/YCS-SHO-039-001.png,,3.43 USD,in_stock,new,Yeatru Sourcing,YCS-SHO-039,,Home & Garden > Shoes,,US,Standard DDP,0.00 USD,eur 39–45 (us 7–11),3,7,7,35,US,0.00,CN,no
485,Red Casual Board Shoes Sneakers Blue Red Multi-Size,"Red Casual Board Shoes Sneakers Blue Red Multi-Size. Available in Blue, Red.",https://www.yeatru.com/product-485.html,https://cdn.jsdelivr.net/gh/Yeatru/Image@main/Images/YCS-SHO-040-001.png,,3.26 USD,in_stock,new,Yeatru Sourcing,YCS-SHO-040,,Home & Garden > Shoes,,US,Standard DDP,0.00 USD,eur 39–45 (us 7–11),3,7,7,35,US,0.00,CN,no
486,Black Low-Top Board Shoes Casual Sneakers Multi-Color,"Black Low-Top Board Shoes Casual Sneakers Multi-Color. Available in Black, Gray, White.",https://www.yeatru.com/product-486.html,https://cdn.jsdelivr.net/gh/Yeatru/Image@main/Images/YCS-SHO-041-001.png,,3.86 USD,in_stock,new,Yeatru Sourcing,YCS-SHO-041,,Home & Garden > Shoes,,US,Standard DDP,0.00 USD,eur 39–45 (us 7–11),3,7,7,35,US,0.00,CN,no
487,Black Low-Top Canvas Shoes Casual Sneakers Multi-Color,"Black Low-Top Canvas Shoes Casual Sneakers Multi-Color. Available in Black, Green, Red, White.",https://www.yeatru.com/product-487.html,https://cdn.jsdelivr.net/gh/Yeatru/Image@main/Images/YCS-SHO-042-001.png,,4.38 USD,in_stock,new,Yeatru Sourcing,YCS-SHO-042,,Home & Garden > Shoes,,US,Standard DDP,0.00 USD,eur 39–45 (us 7–11),3,7,7,35,US,0.00,CN,no
488,Black Sports Running Shoes Sneakers Multi-Size,"Black Sports Running Shoes Sneakers Multi-Size. Available in Black, Green, Khaki.",https://www.yeatru.com/product-488.html,https://cdn.jsdelivr.net/gh/Yeatru/Image@main/Images/YCS-SHO-043-001.jpg,,4.12 USD,in_stock,new,Yeatru Sourcing,YCS-SHO-043,,Home & Garden > Shoes,,US,Standard DDP,0.00 USD,eur 39–45 (us 7–11),3,7,7,35,US,0.00,CN,no
489,Facial Mask Sheet Skincare Moisturizing,Facial Mask Sheet Skincare Moisturizing.,https://www.yeatru.com/product-489.html,https://cdn.jsdelivr.net/gh/Yeatru/Image@main/Images/YCS-SKN-001.jpg,,0.03 USD,in_stock,new,Yeatru Sourcing,YCS-SKN-001,,Home & Garden > Skin Care,,US,Standard DDP,0.00 USD,,3,7,7,35,US,0.00,CN,no
490,Cosmetic Bag Pouch Travel Portable Makeup,Cosmetic Bag Pouch Travel Portable Makeup. Available in Black.,https://www.yeatru.com/product-490.html,https://cdn.jsdelivr.net/gh/Yeatru/Image@main/Images/YCS-SKN-002-001.png,,1.01 USD,in_stock,new,Yeatru Sourcing,YCS-SKN-002,,Home & Garden > Skin Care,,US,Standard DDP,0.00 USD,,3,7,7,35,US,0.00,CN,no
491,V-Line Lifting Face Mask Anti-Aging Skincare,V-Line Lifting Face Mask Anti-Aging Skincare. Available in Pink.,https://www.yeatru.com/product-491.html,https://cdn.jsdelivr.net/gh/Yeatru/Image@main/Images/YCS-SKN-003.png,,0.33 USD,in_stock,new,Yeatru Sourcing,YCS-SKN-003,,Home & Garden > Skin Care,,US,Standard DDP,0.00 USD,,3,7,7,35,US,0.00,CN,no
492,Cosmetic Organizer Box Clear Acrylic,"Cosmetic Organizer Box Clear Acrylic. Available in Pink, White.",https://www.yeatru.com/product-492.html,https://cdn.jsdelivr.net/gh/Yeatru/Image@main/Images/YCS-SKN-004-001.png,,2.83 USD,in_stock,new,Yeatru Sourcing,YCS-SKN-004,,Home & Garden > Skin Care,,US,Standard DDP,0.00 USD,,3,7,7,35,US,0.00,CN,no
493,Essence Lotion Skincare Moisturizing,Essence Lotion Skincare Moisturizing.,https://www.yeatru.com/product-493.html,https://cdn.jsdelivr.net/gh/Yeatru/Image@main/Images/YCS-SKN-005.png,,0.04 USD,in_stock,new,Yeatru Sourcing,YCS-SKN-005,,Home & Garden > Skin Care,,US,Standard DDP,0.00 USD,,3,7,7,35,US,0.00,CN,no
494,Skincare Product Beauty 100Ml,Skincare Product Beauty 100Ml. Available in Gold. Sizes: 100ML.,https://www.yeatru.com/product-494.html,https://cdn.jsdelivr.net/gh/Yeatru/Image@main/Images/YCS-SKN-006.png,,2.06 USD,in_stock,new,Yeatru Sourcing,YCS-SKN-006,,Home & Garden > Skin Care,,US,Standard DDP,0.00 USD,100ml,3,7,7,35,US,0.00,CN,no
495,Cosmetic Organizer Box Clear Acrylic,Cosmetic Organizer Box Clear Acrylic. Available in White.,https://www.yeatru.com/product-495.html,https://cdn.jsdelivr.net/gh/Yeatru/Image@main/Images/YCS-SKN-007.png,,0.72 USD,in_stock,new,Yeatru Sourcing,YCS-SKN-007,,Home & Garden > Skin Care,,US,Standard DDP,0.00 USD,,3,7,7,35,US,0.00,CN,no
496,Skincare Product Beauty Aromatherapy,Skincare Product Beauty Aromatherapy.,https://www.yeatru.com/product-496.html,https://cdn.jsdelivr.net/gh/Yeatru/Image@main/Images/YCS-SKN-008.png,,2.09 USD,in_stock,new,Yeatru Sourcing,YCS-SKN-008,,Home & Garden > Skin Care,,US,Standard DDP,0.00 USD,,3,7,7,35,US,0.00,CN,no
497,Facial Mask Sheet Skincare Moisturizing,Facial Mask Sheet Skincare Moisturizing.,https://www.yeatru.com/product-497.html,https://cdn.jsdelivr.net/gh/Yeatru/Image@main/Images/YCS-SKN-009.png,,0.04 USD,in_stock,new,Yeatru Sourcing,YCS-SKN-009,,Home & Garden > Skin Care,,US,Standard DDP,0.00 USD,,3,7,7,35,US,0.00,CN,no
498,Perfume Fragrance Spray Long Lasting Women,Perfume Fragrance Spray Long Lasting Women.,https://www.yeatru.com/product-498.html,https://cdn.jsdelivr.net/gh/Yeatru/Image@main/Images/YCS-SKN-010.png,,8.24 USD,in_stock,new,Yeatru Sourcing,YCS-SKN-010,,Home & Garden > Skin Care,,US,Standard DDP,0.00 USD,,3,7,7,35,US,0.00,CN,no
499,Black Smart Watch Fitness Tracker Sports,Black Smart Watch Fitness Tracker Sports. Available in Black.,https://www.yeatru.com/product-499.html,https://cdn.jsdelivr.net/gh/Yeatru/Image@main/Images/YCS-SMA-001.png,,15.28 USD,in_stock,new,Yeatru Sourcing,YCS-SMA-001,,Home & Garden > Smart Electronics,,US,Standard DDP,0.00 USD,custom size (sizes depend on variant),3,7,7,35,US,0.00,CN,no
500,Smart Watch Fitness Tracker Touch Screen,Smart Watch Fitness Tracker Touch Screen.,https://www.yeatru.com/product-500.html,https://cdn.jsdelivr.net/gh/Yeatru/Image@main/Images/YCS-SMA-002.png,,1.70 USD,in_stock,new,Yeatru Sourcing,YCS-SMA-002,,Home & Garden > Smart Electronics,,US,Standard DDP,0.00 USD,custom size (sizes depend on variant),3,7,7,35,US,0.00,CN,no
501,Smart Watch Fitness Tracker Touch Screen,Smart Watch Fitness Tracker Touch Screen.,https://www.yeatru.com/product-501.html,https://cdn.jsdelivr.net/gh/Yeatru/Image@main/Images/YCS-SMA-003.png,,8.41 USD,in_stock,new,Yeatru Sourcing,YCS-SMA-003,,Home & Garden > Smart Electronics,,US,Standard DDP,0.00 USD,custom size (sizes depend on variant),3,7,7,35,US,0.00,CN,no
502,Stainless Steel Watch Band Strap Replacement,Stainless Steel Watch Band Strap Replacement.,https://www.yeatru.com/product-502.html,https://cdn.jsdelivr.net/gh/Yeatru/Image@main/Images/YCS-SMA-004.png,,1.12 USD,in_stock,new,Yeatru Sourcing,YCS-SMA-004,,Home & Garden > Smart Electronics,,US,Standard DDP,0.00 USD,,3,7,7,35,US,0.00,CN,no
503,White Smart Watch Fitness Tracker Sports,White Smart Watch Fitness Tracker Sports. Available in Black.,https://www.yeatru.com/product-503.html,https://cdn.jsdelivr.net/gh/Yeatru/Image@main/Images/YCS-SMA-005.png,,6.01 USD,in_stock,new,Yeatru Sourcing,YCS-SMA-005,,Home & Garden > Smart Electronics,,US,Standard DDP,0.00 USD,custom size (sizes depend on variant),3,7,7,35,US,0.00,CN,no
504,White Watch Digital Sports 5 Colors,White Watch Digital Sports 5 Colors. Available in Black.,https://www.yeatru.com/product-504.html,https://cdn.jsdelivr.net/gh/Yeatru/Image@main/Images/YCS-SMA-006.png,,6.01 USD,in_stock,new,Yeatru Sourcing,YCS-SMA-006,,Home & Garden > Smart Electronics,,US,Standard DDP,0.00 USD,,3,7,7,35,US,0.00,CN,no
505,Stainless Steel Watch Band Metal Link,Stainless Steel Watch Band Metal Link.,https://www.yeatru.com/product-505.html,https://cdn.jsdelivr.net/gh/Yeatru/Image@main/Images/YCS-SMA-007.png,,8.41 USD,in_stock,new,Yeatru Sourcing,YCS-SMA-007,,Home & Garden > Smart Electronics,,US,Standard DDP,0.00 USD,,3,7,7,35,US,0.00,CN,no
506,Silicone Watch Band Replacement Soft,Silicone Watch Band Replacement Soft.,https://www.yeatru.com/product-506.html,https://cdn.jsdelivr.net/gh/Yeatru/Image@main/Images/YCS-SMA-008.png,,0.55 USD,in_stock,new,Yeatru Sourcing,YCS-SMA-008,,Home & Garden > Smart Electronics,,US,Standard DDP,0.00 USD,,3,7,7,35,US,0.00,CN,no
507,Smart Watch Fitness Tracker Touch Screen,Smart Watch Fitness Tracker Touch Screen.,https://www.yeatru.com/product-507.html,https://cdn.jsdelivr.net/gh/Yeatru/Image@main/Images/YCS-SMA-009.png,,14.59 USD,in_stock,new,Yeatru Sourcing,YCS-SMA-009,,Home & Garden > Smart Electronics,,US,Standard DDP,0.00 USD,custom size (sizes depend on variant),3,7,7,35,US,0.00,CN,no
508,Silver Digital Watch Sport Casual Wristwatch,Silver Digital Watch Sport Casual Wristwatch. Available in Silver.,https://www.yeatru.com/product-508.html,https://cdn.jsdelivr.net/gh/Yeatru/Image@main/Images/YCS-SMA-010.png,,14.76 USD,in_stock,new,Yeatru Sourcing,YCS-SMA-010,,Home & Garden > Smart Electronics,,US,Standard DDP,0.00 USD,,3,7,7,35,US,0.00,CN,no
509,Women's Digital Watch Ladies Elegant,Women's Digital Watch Ladies Elegant. Sizes: S.,https://www.yeatru.com/product-509.html,https://cdn.jsdelivr.net/gh/Yeatru/Image@main/Images/YCS-SMA-011.png,,9.44 USD,in_stock,new,Yeatru Sourcing,YCS-SMA-011,,Home & Garden > Smart Electronics,,US,Standard DDP,0.00 USD,s,3,7,7,35,US,0.00,CN,no
510,Smart Watch Fitness Tracker Touch Screen 3 Colors,Smart Watch Fitness Tracker Touch Screen 3 Colors.,https://www.yeatru.com/product-510.html,https://cdn.jsdelivr.net/gh/Yeatru/Image@main/Images/YCS-SMA-012.png,,13.73 USD,in_stock,new,Yeatru Sourcing,YCS-SMA-012,,Home & Garden > Smart Electronics,,US,Standard DDP,0.00 USD,custom size (sizes depend on variant),3,7,7,35,US,0.00,CN,no
511,Digital Sport Wristwatch Casual Men,Digital Sport Wristwatch Casual Men.,https://www.yeatru.com/product-511.html,https://cdn.jsdelivr.net/gh/Yeatru/Image@main/Images/YCS-SMA-013.png,,12.01 USD,in_stock,new,Yeatru Sourcing,YCS-SMA-013,,Home & Garden > Smart Electronics,,US,Standard DDP,0.00 USD,,3,7,7,35,US,0.00,CN,no
512,Brown Bear Pattern Women Socks Cotton,"Brown Bear Pattern Women Socks Cotton. Available in Brown, Floral. Sizes: S.",https://www.yeatru.com/product-512.html,https://cdn.jsdelivr.net/gh/Yeatru/Image@main/Images/YCS-SOC-001-001.png,,0.14 USD,in_stock,new,Yeatru Sourcing,YCS-SOC-001,,Home & Garden > Socks,,US,Standard DDP,0.00 USD,s,3,7,7,35,US,0.00,CN,no
513,Men's Ankle Socks Cotton Breathable,Men's Ankle Socks Cotton Breathable. Sizes: S.,https://www.yeatru.com/product-513.html,https://cdn.jsdelivr.net/gh/Yeatru/Image@main/Images/YCS-SOC-003.jpg,,0.57 USD,in_stock,new,Yeatru Sourcing,YCS-SOC-003,,Home & Garden > Socks,,US,Standard DDP,0.00 USD,s,3,7,7,35,US,0.00,CN,no
514,Men's Invisible Socks Cotton No-Show,Men's Invisible Socks Cotton No-Show. Sizes: S.,https://www.yeatru.com/product-514.html,https://cdn.jsdelivr.net/gh/Yeatru/Image@main/Images/YCS-SOC-004.jpg,,0.57 USD,in_stock,new,Yeatru Sourcing,YCS-SOC-004,,Home & Garden > Socks,,US,Standard DDP,0.00 USD,s,3,7,7,35,US,0.00,CN,no
515,Eternal Pencil No Sharpening 4-Color Kids,Eternal Pencil No Sharpening 4-Color Kids.,https://www.yeatru.com/product-515.html,https://cdn.jsdelivr.net/gh/Yeatru/Image@main/Images/YCS-STA-001.png,,0.06 USD,in_stock,new,Yeatru Sourcing,YCS-STA-001,,Home & Garden > Stationery,,US,Standard DDP,0.00 USD,,3,7,7,35,US,0.00,CN,no
516,Writing Training Copybook Kids Preschool 4 Colors,Writing Training Copybook Kids Preschool 4 Colors.,https://www.yeatru.com/product-516.html,https://cdn.jsdelivr.net/gh/Yeatru/Image@main/Images/YCS-STA-002.png,,5.65 USD,in_stock,new,Yeatru Sourcing,YCS-STA-002,,Home & Garden > Stationery,,US,Standard DDP,0.00 USD,,3,7,7,35,US,0.00,CN,no
517,Writing Training Copybook Kids Preschool 2 Colors,Writing Training Copybook Kids Preschool 2 Colors.,https://www.yeatru.com/product-517.html,https://cdn.jsdelivr.net/gh/Yeatru/Image@main/Images/YCS-STA-003.png,,3.42 USD,in_stock,new,Yeatru Sourcing,YCS-STA-003,,Home & Garden > Stationery,,US,Standard DDP,0.00 USD,,3,7,7,35,US,0.00,CN,no
518,Writing Training Copybook Kids Preschool,Writing Training Copybook Kids Preschool.,https://www.yeatru.com/product-518.html,https://cdn.jsdelivr.net/gh/Yeatru/Image@main/Images/YCS-STA-004-001.png,,1.02 USD,in_stock,new,Yeatru Sourcing,YCS-STA-004,,Home & Garden > Stationery,,US,Standard DDP,0.00 USD,,3,7,7,35,US,0.00,CN,no
519,Purple HB Pencil Wooden School Stationery,Purple HB Pencil Wooden School Stationery. Available in Purple.,https://www.yeatru.com/product-519.html,https://cdn.jsdelivr.net/gh/Yeatru/Image@main/Images/YCS-STA-005.jpg,,0.06 USD,in_stock,new,Yeatru Sourcing,YCS-STA-005,,Home & Garden > Stationery,,US,Standard DDP,0.00 USD,,3,7,7,35,US,0.00,CN,no
520,Blue HB Pencil Wooden School Stationery,Blue HB Pencil Wooden School Stationery. Available in Blue.,https://www.yeatru.com/product-520.html,https://cdn.jsdelivr.net/gh/Yeatru/Image@main/Images/YCS-STA-006.jpg,,0.06 USD,in_stock,new,Yeatru Sourcing,YCS-STA-006,,Home & Garden > Stationery,,US,Standard DDP,0.00 USD,,3,7,7,35,US,0.00,CN,no
521,White HB Pencil Wooden School Stationery,White HB Pencil Wooden School Stationery. Available in White.,https://www.yeatru.com/product-521.html,https://cdn.jsdelivr.net/gh/Yeatru/Image@main/Images/YCS-STA-007.jpg,,0.06 USD,in_stock,new,Yeatru Sourcing,YCS-STA-007,,Home & Garden > Stationery,,US,Standard DDP,0.00 USD,,3,7,7,35,US,0.00,CN,no
522,Crayon Set Kids Drawing Art Supplies,Crayon Set Kids Drawing Art Supplies.,https://www.yeatru.com/product-522.html,https://cdn.jsdelivr.net/gh/Yeatru/Image@main/Images/YCS-STA-008.png,,0.18 USD,in_stock,new,Yeatru Sourcing,YCS-STA-008,,Home & Garden > Stationery,,US,Standard DDP,0.00 USD,,3,7,7,35,US,0.00,CN,no
523,Copybook Writing Practice Kids Reusable,Copybook Writing Practice Kids Reusable.,https://www.yeatru.com/product-523.html,https://cdn.jsdelivr.net/gh/Yeatru/Image@main/Images/YCS-STA-009.png,,0.53 USD,in_stock,new,Yeatru Sourcing,YCS-STA-009,,Home & Garden > Stationery,,US,Standard DDP,0.00 USD,,3,7,7,35,US,0.00,CN,no
524,Copybook Writing Practice Kids Reusable,Copybook Writing Practice Kids Reusable.,https://www.yeatru.com/product-524.html,https://cdn.jsdelivr.net/gh/Yeatru/Image@main/Images/YCS-STA-010.png,,0.64 USD,in_stock,new,Yeatru Sourcing,YCS-STA-010,,Home & Garden > Stationery,,US,Standard DDP,0.00 USD,,3,7,7,35,US,0.00,CN,no
525,Sticker Set Kids Decor Scrapbooking Craft,Sticker Set Kids Decor Scrapbooking Craft.,https://www.yeatru.com/product-525.html,https://cdn.jsdelivr.net/gh/Yeatru/Image@main/Images/YCS-STA-011.png,,0.19 USD,in_stock,new,Yeatru Sourcing,YCS-STA-011,,Home & Garden > Stationery,,US,Standard DDP,0.00 USD,,3,7,7,35,US,0.00,CN,no
526,Cereal Grain Storage Container Kitchen Sealed,Cereal Grain Storage Container Kitchen Sealed.,https://www.yeatru.com/product-526.html,https://cdn.jsdelivr.net/gh/Yeatru/Image@main/Images/YCS-STO-001.jpg,,3.78 USD,in_stock,new,Yeatru Sourcing,YCS-STO-001,,Home & Garden > Storage & Organization,,US,Standard DDP,0.00 USD,,3,7,7,35,US,0.00,CN,no
527,Drawer Organizer Box Desktop Plastic,Drawer Organizer Box Desktop Plastic. Available in Black.,https://www.yeatru.com/product-527.html,https://cdn.jsdelivr.net/gh/Yeatru/Image@main/Images/YCS-STO-002-001.png,,0.69 USD,in_stock,new,Yeatru Sourcing,YCS-STO-002,,Home & Garden > Storage & Organization,,US,Standard DDP,0.00 USD,,3,7,7,35,US,0.00,CN,no
528,Clear Transparent Food Container Fresh BPA-Free,Clear Transparent Food Container Fresh BPA-Free.,https://www.yeatru.com/product-528.html,https://cdn.jsdelivr.net/gh/Yeatru/Image@main/Images/YCS-STO-003.jpg,,0.16 USD,in_stock,new,Yeatru Sourcing,YCS-STO-003,,Home & Garden > Storage & Organization,,US,Standard DDP,0.00 USD,,3,7,7,35,US,0.00,CN,no
529,Houndstooth Storage Bag Foldable Canvas 75L,Houndstooth Storage Bag Foldable Canvas 75L. Sizes: 75L.,https://www.yeatru.com/product-529.html,https://cdn.jsdelivr.net/gh/Yeatru/Image@main/Images/YCS-STO-004.jpg,,0.57 USD,in_stock,new,Yeatru Sourcing,YCS-STO-004,,Home & Garden > Storage & Organization,,US,Standard DDP,0.00 USD,75l,3,7,7,35,US,0.00,CN,no
530,Storage Box Organizer Plastic Stackable,Storage Box Organizer Plastic Stackable.,https://www.yeatru.com/product-530.html,https://cdn.jsdelivr.net/gh/Yeatru/Image@main/Images/YCS-STO-005.png,,0.45 USD,in_stock,new,Yeatru Sourcing,YCS-STO-005,,Home & Garden > Storage & Organization,,US,Standard DDP,0.00 USD,,3,7,7,35,US,0.00,CN,no
531,Storage Container Stackable Plastic,Storage Container Stackable Plastic.,https://www.yeatru.com/product-531.html,https://cdn.jsdelivr.net/gh/Yeatru/Image@main/Images/YCS-STO-006.png,,0.94 USD,in_stock,new,Yeatru Sourcing,YCS-STO-006,,Home & Garden > Storage & Organization,,US,Standard DDP,0.00 USD,,3,7,7,35,US,0.00,CN,no
532,White Desktop Storage Box Organizer Plastic,White Desktop Storage Box Organizer Plastic. Available in White.,https://www.yeatru.com/product-532.html,https://cdn.jsdelivr.net/gh/Yeatru/Image@main/Images/YCS-STO-007.png,,1.12 USD,in_stock,new,Yeatru Sourcing,YCS-STO-007,,Home & Garden > Storage & Organization,,US,Standard DDP,0.00 USD,,3,7,7,35,US,0.00,CN,no
533,Houndstooth Storage Bag Foldable Canvas,"Houndstooth Storage Bag Foldable Canvas. Sizes: 100L, 140L, 180L.",https://www.yeatru.com/product-533.html,https://cdn.jsdelivr.net/gh/Yeatru/Image@main/Images/YCS-STO-008-001.png,,0.57 USD,in_stock,new,Yeatru Sourcing,YCS-STO-008,,Home & Garden > Storage & Organization,,US,Standard DDP,0.00 USD,100l / 140l / 180l,3,7,7,35,US,0.00,CN,no
534,Storage Box Organizer Plastic Stackable,Storage Box Organizer Plastic Stackable.,https://www.yeatru.com/product-534.html,https://cdn.jsdelivr.net/gh/Yeatru/Image@main/Images/YCS-STO-009.png,,3.43 USD,in_stock,new,Yeatru Sourcing,YCS-STO-009,,Home & Garden > Storage & Organization,,US,Standard DDP,0.00 USD,,3,7,7,35,US,0.00,CN,no
535,Storage Rack Shelf Metal Wall Mount,Storage Rack Shelf Metal Wall Mount.,https://www.yeatru.com/product-535.html,https://cdn.jsdelivr.net/gh/Yeatru/Image@main/Images/YCS-STO-010.png,,4.98 USD,in_stock,new,Yeatru Sourcing,YCS-STO-010,,Home & Garden > Storage & Organization,,US,Standard DDP,0.00 USD,custom size (sizes depend on variant),3,7,7,35,US,0.00,CN,no
536,Storage Rack Shelf Metal Wall Mount,Storage Rack Shelf Metal Wall Mount.,https://www.yeatru.com/product-536.html,https://cdn.jsdelivr.net/gh/Yeatru/Image@main/Images/YCS-STO-011.png,,6.04 USD,in_stock,new,Yeatru Sourcing,YCS-STO-011,,Home & Garden > Storage & Organization,,US,Standard DDP,0.00 USD,custom size (sizes depend on variant),3,7,7,35,US,0.00,CN,no
537,Storage Rack Shelf Metal Wall Mount 50Cm,Storage Rack Shelf Metal Wall Mount 50Cm. Available in Gray. Sizes: 50cm.,https://www.yeatru.com/product-537.html,https://cdn.jsdelivr.net/gh/Yeatru/Image@main/Images/YCS-STO-012.png,,1.34 USD,in_stock,new,Yeatru Sourcing,YCS-STO-012,,Home & Garden > Storage & Organization,,US,Standard DDP,0.00 USD,50cm,3,7,7,35,US,0.00,CN,no
538,Storage Rack Shelf Metal Wall Mount 4-Tier,Storage Rack Shelf Metal Wall Mount 4-Tier.,https://www.yeatru.com/product-538.html,https://cdn.jsdelivr.net/gh/Yeatru/Image@main/Images/YCS-STO-013-001.png,,0.49 USD,in_stock,new,Yeatru Sourcing,YCS-STO-013,,Home & Garden > Storage & Organization,,US,Standard DDP,0.00 USD,custom size (sizes depend on variant),3,7,7,35,US,0.00,CN,no
539,Storage Rack Shelf Metal Wall Mount 3-Layer,"Storage Rack Shelf Metal Wall Mount 3-Layer. Sizes: 3 Layers, 4 Layers, 5 Layers.",https://www.yeatru.com/product-539.html,https://cdn.jsdelivr.net/gh/Yeatru/Image@main/Images/YCS-STO-014-001.png,,9.96 USD,in_stock,new,Yeatru Sourcing,YCS-STO-014,,Home & Garden > Storage & Organization,,US,Standard DDP,0.00 USD,3 layers / 4 layers / 5 layers,3,7,7,35,US,0.00,CN,no
540,Storage Box Organizer Plastic Stackable,Storage Box Organizer Plastic Stackable.,https://www.yeatru.com/product-540.html,https://cdn.jsdelivr.net/gh/Yeatru/Image@main/Images/YCS-STO-015.png,,1.63 USD,in_stock,new,Yeatru Sourcing,YCS-STO-015,,Home & Garden > Storage & Organization,,US,Standard DDP,0.00 USD,,3,7,7,35,US,0.00,CN,no
541,Desktop Storage Box Organizer Plastic,Desktop Storage Box Organizer Plastic. Available in White.,https://www.yeatru.com/product-541.html,https://cdn.jsdelivr.net/gh/Yeatru/Image@main/Images/YCS-STO-016-001.png,,0.72 USD,in_stock,new,Yeatru Sourcing,YCS-STO-016,,Home & Garden > Storage & Organization,,US,Standard DDP,0.00 USD,,3,7,7,35,US,0.00,CN,no
542,Black Storage Rack Shelf Metal Wall Mount,Black Storage Rack Shelf Metal Wall Mount. Available in Black.,https://www.yeatru.com/product-542.html,https://cdn.jsdelivr.net/gh/Yeatru/Image@main/Images/YCS-STO-017.png,,3.53 USD,in_stock,new,Yeatru Sourcing,YCS-STO-017,,Home & Garden > Storage & Organization,,US,Standard DDP,0.00 USD,custom size (sizes depend on variant),3,7,7,35,US,0.00,CN,no
543,Black Storage Rack Shelf Metal Wall Mount,Black Storage Rack Shelf Metal Wall Mount. Available in Black.,https://www.yeatru.com/product-543.html,https://cdn.jsdelivr.net/gh/Yeatru/Image@main/Images/YCS-STO-018.png,,2.27 USD,in_stock,new,Yeatru Sourcing,YCS-STO-018,,Home & Garden > Storage & Organization,,US,Standard DDP,0.00 USD,custom size (sizes depend on variant),3,7,7,35,US,0.00,CN,no
544,Storage Rack Shelf Metal Wall Mount,Storage Rack Shelf Metal Wall Mount. Available in Silver.,https://www.yeatru.com/product-544.html,https://cdn.jsdelivr.net/gh/Yeatru/Image@main/Images/YCS-STO-019.png,,1.09 USD,in_stock,new,Yeatru Sourcing,YCS-STO-019,,Home & Garden > Storage & Organization,,US,Standard DDP,0.00 USD,custom size (sizes depend on variant),3,7,7,35,US,0.00,CN,no
545,Storage Rack Shelf Metal Wall Mount,Storage Rack Shelf Metal Wall Mount. Available in Silver.,https://www.yeatru.com/product-545.html,https://cdn.jsdelivr.net/gh/Yeatru/Image@main/Images/YCS-STO-020.png,,0.82 USD,in_stock,new,Yeatru Sourcing,YCS-STO-020,,Home & Garden > Storage & Organization,,US,Standard DDP,0.00 USD,custom size (sizes depend on variant),3,7,7,35,US,0.00,CN,no
546,White Storage Rack Shelf Metal Wall Mount,White Storage Rack Shelf Metal Wall Mount. Available in White.,https://www.yeatru.com/product-546.html,https://cdn.jsdelivr.net/gh/Yeatru/Image@main/Images/YCS-STO-021.png,,3.78 USD,in_stock,new,Yeatru Sourcing,YCS-STO-021,,Home & Garden > Storage & Organization,,US,Standard DDP,0.00 USD,custom size (sizes depend on variant),3,7,7,35,US,0.00,CN,no
547,Storage Box Organizer Plastic Stackable,Storage Box Organizer Plastic Stackable.,https://www.yeatru.com/product-547.html,https://cdn.jsdelivr.net/gh/Yeatru/Image@main/Images/YCS-STO-022.jpg,,0.34 USD,in_stock,new,Yeatru Sourcing,YCS-STO-022,,Home & Garden > Storage & Organization,,US,Standard DDP,0.00 USD,,3,7,7,35,US,0.00,CN,no
548,White Storage Rack Shelf Metal Wall Mount,White Storage Rack Shelf Metal Wall Mount. Available in White. Sizes: 28x11.,https://www.yeatru.com/product-548.html,https://cdn.jsdelivr.net/gh/Yeatru/Image@main/Images/YCS-STO-023.png,,0.94 USD,in_stock,new,Yeatru Sourcing,YCS-STO-023,,Home & Garden > Storage & Organization,,US,Standard DDP,0.00 USD,28x11,3,7,7,35,US,0.00,CN,no
549,Storage Rack Shelf Metal Wall Mount,Storage Rack Shelf Metal Wall Mount. Available in Silver.,https://www.yeatru.com/product-549.html,https://cdn.jsdelivr.net/gh/Yeatru/Image@main/Images/YCS-STO-024.png,,1.06 USD,in_stock,new,Yeatru Sourcing,YCS-STO-024,,Home & Garden > Storage & Organization,,US,Standard DDP,0.00 USD,custom size (sizes depend on variant),3,7,7,35,US,0.00,CN,no
550,Gray Storage Rack Shelf Metal Wall Mount,Gray Storage Rack Shelf Metal Wall Mount. Available in Gray.,https://www.yeatru.com/product-550.html,https://cdn.jsdelivr.net/gh/Yeatru/Image@main/Images/YCS-STO-025.png,,1.06 USD,in_stock,new,Yeatru Sourcing,YCS-STO-025,,Home & Garden > Storage & Organization,,US,Standard DDP,0.00 USD,custom size (sizes depend on variant),3,7,7,35,US,0.00,CN,no
551,Storage Rack Shelf Metal Wall Mount,Storage Rack Shelf Metal Wall Mount. Available in Black.,https://www.yeatru.com/product-551.html,https://cdn.jsdelivr.net/gh/Yeatru/Image@main/Images/YCS-STO-026.png,,0.41 USD,in_stock,new,Yeatru Sourcing,YCS-STO-026,,Home & Garden > Storage & Organization,,US,Standard DDP,0.00 USD,custom size (sizes depend on variant),3,7,7,35,US,0.00,CN,no
552,Storage Rack Shelf Metal Wall Mount,"Storage Rack Shelf Metal Wall Mount. Available in Black, Silver, White.",https://www.yeatru.com/product-552.html,https://cdn.jsdelivr.net/gh/Yeatru/Image@main/Images/YCS-STO-027-001.png,,0.33 USD,in_stock,new,Yeatru Sourcing,YCS-STO-027,,Home & Garden > Storage & Organization,,US,Standard DDP,0.00 USD,custom size (sizes depend on variant),3,7,7,35,US,0.00,CN,no
553,Storage Rack Shelf Metal Wall Mount,Storage Rack Shelf Metal Wall Mount. Available in Silver.,https://www.yeatru.com/product-553.html,https://cdn.jsdelivr.net/gh/Yeatru/Image@main/Images/YCS-STO-028.png,,3.00 USD,in_stock,new,Yeatru Sourcing,YCS-STO-028,,Home & Garden > Storage & Organization,,US,Standard DDP,0.00 USD,custom size (sizes depend on variant),3,7,7,35,US,0.00,CN,no
554,Storage Rack Shelf Metal Wall Mount,Storage Rack Shelf Metal Wall Mount. Available in Black.,https://www.yeatru.com/product-554.html,https://cdn.jsdelivr.net/gh/Yeatru/Image@main/Images/YCS-STO-029-001.png,,1.12 USD,in_stock,new,Yeatru Sourcing,YCS-STO-029,,Home & Garden > Storage & Organization,,US,Standard DDP,0.00 USD,custom size (sizes depend on variant),3,7,7,35,US,0.00,CN,no
555,Gray Storage Rack Shelf Metal Wall Mount 3-Layer,"Gray Storage Rack Shelf Metal Wall Mount 3-Layer. Available in Gray. Sizes: 3 Layers, 4 Layers.",https://www.yeatru.com/product-555.html,https://cdn.jsdelivr.net/gh/Yeatru/Image@main/Images/YCS-STO-030-001.png,,6.01 USD,in_stock,new,Yeatru Sourcing,YCS-STO-030,,Home & Garden > Storage & Organization,,US,Standard DDP,0.00 USD,4 layers / 3 layers,3,7,7,35,US,0.00,CN,no
556,Storage Rack Shelf Metal Wall Mount,Storage Rack Shelf Metal Wall Mount.,https://www.yeatru.com/product-556.html,https://cdn.jsdelivr.net/gh/Yeatru/Image@main/Images/YCS-STO-031.png,,20.43 USD,in_stock,new,Yeatru Sourcing,YCS-STO-031,,Home & Garden > Storage & Organization,,US,Standard DDP,0.00 USD,custom size (sizes depend on variant),3,7,7,35,US,0.00,CN,no
557,Storage Bag Organizer Portable Home,Storage Bag Organizer Portable Home.,https://www.yeatru.com/product-557.html,https://cdn.jsdelivr.net/gh/Yeatru/Image@main/Images/YCS-STO-032.png,,3.78 USD,in_stock,new,Yeatru Sourcing,YCS-STO-032,,Home & Garden > Storage & Organization,,US,Standard DDP,0.00 USD,,3,7,7,35,US,0.00,CN,no
558,Window Storage Bag Foldable Visible 50L,"Window Storage Bag Foldable Visible 50L. Sizes: 50L, 75L.",https://www.yeatru.com/product-558.html,https://cdn.jsdelivr.net/gh/Yeatru/Image@main/Images/YCS-STO-033-001.png,,0.57 USD,in_stock,new,Yeatru Sourcing,YCS-STO-033,,Home & Garden > Storage & Organization,,US,Standard DDP,0.00 USD,50l / 75l,3,7,7,35,US,0.00,CN,no
559,Storage Bag Foldable Non-Woven 100L,"Storage Bag Foldable Non-Woven 100L. Sizes: 100L, 140L, 180L, L.",https://www.yeatru.com/product-559.html,https://cdn.jsdelivr.net/gh/Yeatru/Image@main/Images/YCS-STO-034-001.png,,0.57 USD,in_stock,new,Yeatru Sourcing,YCS-STO-034,,Home & Garden > Storage & Organization,,US,Standard DDP,0.00 USD,l / 100l / 140l / 180l,3,7,7,35,US,0.00,CN,no
560,Storage Organizer Home Fabric,Storage Organizer Home Fabric.,https://www.yeatru.com/product-560.html,https://cdn.jsdelivr.net/gh/Yeatru/Image@main/Images/YCS-STO-035.png,,26.60 USD,in_stock,new,Yeatru Sourcing,YCS-STO-035,,Home & Garden > Storage & Organization,,US,Standard DDP,0.00 USD,,3,7,7,35,US,0.00,CN,no
561,Storage Bag Foldable Non-Woven,Storage Bag Foldable Non-Woven.,https://www.yeatru.com/product-561.html,https://cdn.jsdelivr.net/gh/Yeatru/Image@main/Images/YCS-STO-036.png,,2.49 USD,in_stock,new,Yeatru Sourcing,YCS-STO-036,,Home & Garden > Storage & Organization,,US,Standard DDP,0.00 USD,,3,7,7,35,US,0.00,CN,no
562,Storage Box Organizer Plastic Stackable,Storage Box Organizer Plastic Stackable.,https://www.yeatru.com/product-562.html,https://cdn.jsdelivr.net/gh/Yeatru/Image@main/Images/YCS-STO-037.jpg,,0.09 USD,in_stock,new,Yeatru Sourcing,YCS-STO-037,,Home & Garden > Storage & Organization,,US,Standard DDP,0.00 USD,,3,7,7,35,US,0.00,CN,no
563,Storage Rack Shelf Metal Wall Mount,Storage Rack Shelf Metal Wall Mount.,https://www.yeatru.com/product-563.html,https://cdn.jsdelivr.net/gh/Yeatru/Image@main/Images/YCS-STO-038.png,,1.89 USD,in_stock,new,Yeatru Sourcing,YCS-STO-038,,Home & Garden > Storage & Organization,,US,Standard DDP,0.00 USD,custom size (sizes depend on variant),3,7,7,35,US,0.00,CN,no
564,Storage Rack Shelf Metal Wall Mount,Storage Rack Shelf Metal Wall Mount.,https://www.yeatru.com/product-564.html,https://cdn.jsdelivr.net/gh/Yeatru/Image@main/Images/YCS-STO-039.png,,4.46 USD,in_stock,new,Yeatru Sourcing,YCS-STO-039,,Home & Garden > Storage & Organization,,US,Standard DDP,0.00 USD,custom size (sizes depend on variant),3,7,7,35,US,0.00,CN,no
565,Gray Storage Box Organizer Plastic Stackable 12Cm 17-Tier,Gray Storage Box Organizer Plastic Stackable 12Cm 17-Tier. Available in Gray. Sizes: 45x29.,https://www.yeatru.com/product-565.html,https://cdn.jsdelivr.net/gh/Yeatru/Image@main/Images/YCS-STO-040.png,,1.13 USD,in_stock,new,Yeatru Sourcing,YCS-STO-040,,Home & Garden > Storage & Organization,,US,Standard DDP,0.00 USD,45x29,3,7,7,35,US,0.00,CN,no
566,White Desktop Storage Box Organizer Plastic,White Desktop Storage Box Organizer Plastic. Available in White.,https://www.yeatru.com/product-566.html,https://cdn.jsdelivr.net/gh/Yeatru/Image@main/Images/YCS-STO-041.png,,0.17 USD,in_stock,new,Yeatru Sourcing,YCS-STO-041,,Home & Garden > Storage & Organization,,US,Standard DDP,0.00 USD,,3,7,7,35,US,0.00,CN,no
567,Storage Box Organizer Plastic Stackable,Storage Box Organizer Plastic Stackable.,https://www.yeatru.com/product-567.html,https://cdn.jsdelivr.net/gh/Yeatru/Image@main/Images/YCS-STO-042.png,,0.26 USD,in_stock,new,Yeatru Sourcing,YCS-STO-042,,Home & Garden > Storage & Organization,,US,Standard DDP,0.00 USD,,3,7,7,35,US,0.00,CN,no
568,Storage Rack Shelf Metal Wall Mount,Storage Rack Shelf Metal Wall Mount.,https://www.yeatru.com/product-568.html,https://cdn.jsdelivr.net/gh/Yeatru/Image@main/Images/YCS-STO-043.png,,1.01 USD,in_stock,new,Yeatru Sourcing,YCS-STO-043,,Home & Garden > Storage & Organization,,US,Standard DDP,0.00 USD,custom size (sizes depend on variant),3,7,7,35,US,0.00,CN,no
569,Storage Organizer Home Rack,Storage Organizer Home Rack.,https://www.yeatru.com/product-569.html,https://cdn.jsdelivr.net/gh/Yeatru/Image@main/Images/YCS-STO-044.png,,0.11 USD,in_stock,new,Yeatru Sourcing,YCS-STO-044,,Home & Garden > Storage & Organization,,US,Standard DDP,0.00 USD,custom size (sizes depend on variant),3,7,7,35,US,0.00,CN,no
570,Storage Rack Shelf Metal Wall Mount,Storage Rack Shelf Metal Wall Mount.,https://www.yeatru.com/product-570.html,https://cdn.jsdelivr.net/gh/Yeatru/Image@main/Images/YCS-STO-045.png,,0.11 USD,in_stock,new,Yeatru Sourcing,YCS-STO-045,,Home & Garden > Storage & Organization,,US,Standard DDP,0.00 USD,custom size (sizes depend on variant),3,7,7,35,US,0.00,CN,no
571,Clear Storage Rack Shelf Metal Wall Mount,Clear Storage Rack Shelf Metal Wall Mount. Available in White.,https://www.yeatru.com/product-571.html,https://cdn.jsdelivr.net/gh/Yeatru/Image@main/Images/YCS-STO-048.png,,0.93 USD,in_stock,new,Yeatru Sourcing,YCS-STO-048,,Home & Garden > Storage & Organization,,US,Standard DDP,0.00 USD,custom size (sizes depend on variant),3,7,7,35,US,0.00,CN,no
572,Storage Rack Shelf Metal Wall Mount,Storage Rack Shelf Metal Wall Mount.,https://www.yeatru.com/product-572.html,https://cdn.jsdelivr.net/gh/Yeatru/Image@main/Images/YCS-STO-049.png,,2.88 USD,in_stock,new,Yeatru Sourcing,YCS-STO-049,,Home & Garden > Storage & Organization,,US,Standard DDP,0.00 USD,custom size (sizes depend on variant),3,7,7,35,US,0.00,CN,no
573,Storage Box Organizer Plastic Stackable,Storage Box Organizer Plastic Stackable.,https://www.yeatru.com/product-573.html,https://cdn.jsdelivr.net/gh/Yeatru/Image@main/Images/YCS-STO-051.png,,0.11 USD,in_stock,new,Yeatru Sourcing,YCS-STO-051,,Home & Garden > Storage & Organization,,US,Standard DDP,0.00 USD,,3,7,7,35,US,0.00,CN,no
574,Storage Rack Shelf Metal Wall Mount 3-Tier,Storage Rack Shelf Metal Wall Mount 3-Tier.,https://www.yeatru.com/product-574.html,https://cdn.jsdelivr.net/gh/Yeatru/Image@main/Images/YCS-STO-052.jpg,,6.52 USD,in_stock,new,Yeatru Sourcing,YCS-STO-052,,Home & Garden > Storage & Organization,,US,Standard DDP,0.00 USD,custom size (sizes depend on variant),3,7,7,35,US,0.00,CN,no
575,Storage Basket Plastic Portable,Storage Basket Plastic Portable. Available in White. Sizes: 40x30.,https://www.yeatru.com/product-575.html,https://cdn.jsdelivr.net/gh/Yeatru/Image@main/Images/YCS-STO-053.png,,3.35 USD,in_stock,new,Yeatru Sourcing,YCS-STO-053,,Home & Garden > Storage & Organization,,US,Standard DDP,0.00 USD,40x30,3,7,7,35,US,0.00,CN,no
576,Storage Box Organizer Plastic Stackable 9-Tier,Storage Box Organizer Plastic Stackable 9-Tier. Sizes: 5x50.,https://www.yeatru.com/product-576.html,https://cdn.jsdelivr.net/gh/Yeatru/Image@main/Images/YCS-STO-054.png,,3.35 USD,in_stock,new,Yeatru Sourcing,YCS-STO-054,,Home & Garden > Storage & Organization,,US,Standard DDP,0.00 USD,5x50,3,7,7,35,US,0.00,CN,no
577,Storage Rack Shelf Metal Wall Mount,Storage Rack Shelf Metal Wall Mount.,https://www.yeatru.com/product-577.html,https://cdn.jsdelivr.net/gh/Yeatru/Image@main/Images/YCS-STO-055.png,,1.68 USD,in_stock,new,Yeatru Sourcing,YCS-STO-055,,Home & Garden > Storage & Organization,,US,Standard DDP,0.00 USD,custom size (sizes depend on variant),3,7,7,35,US,0.00,CN,no
578,Women's Two-Piece Swimsuit Bikini Set Beach,Women's Two-Piece Swimsuit Bikini Set Beach. Sizes: S.,https://www.yeatru.com/product-578.html,https://cdn.jsdelivr.net/gh/Yeatru/Image@main/Images/YCS-SWI-001.png,,6.52 USD,in_stock,new,Yeatru Sourcing,YCS-SWI-001,,Home & Garden > Swimwear,,US,Standard DDP,0.00 USD,s,3,7,7,35,US,0.00,CN,no
579,Swimsuit Women Swimwear 2 Colors,Swimsuit Women Swimwear 2 Colors.,https://www.yeatru.com/product-579.html,https://cdn.jsdelivr.net/gh/Yeatru/Image@main/Images/YCS-SWI-002.png,,10.30 USD,in_stock,new,Yeatru Sourcing,YCS-SWI-002,,Home & Garden > Swimwear,,US,Standard DDP,0.00 USD,s / m / l / xl,3,7,7,35,US,0.00,CN,no
580,Blue Swimsuit Women Swimwear 20Pcs,Blue Swimsuit Women Swimwear 20Pcs. Available in Blue. Sizes: XL/L.,https://www.yeatru.com/product-580.html,https://cdn.jsdelivr.net/gh/Yeatru/Image@main/Images/YCS-SWI-003-001.png,,7.38 USD,in_stock,new,Yeatru Sourcing,YCS-SWI-003,,Home & Garden > Swimwear,,US,Standard DDP,0.00 USD,xl/l,3,7,7,35,US,0.00,CN,no
581,Color Block Swimsuit Women Swimwear,Color Block Swimsuit Women Swimwear. Available in Multicolor. Sizes: XL.,https://www.yeatru.com/product-581.html,https://cdn.jsdelivr.net/gh/Yeatru/Image@main/Images/YCS-SWI-005-001.png,,7.38 USD,in_stock,new,Yeatru Sourcing,YCS-SWI-005,,Home & Garden > Swimwear,,US,Standard DDP,0.00 USD,xl,3,7,7,35,US,0.00,CN,no
582,Black Swimsuit Women Swimwear,Black Swimsuit Women Swimwear. Available in Black.,https://www.yeatru.com/product-582.html,https://cdn.jsdelivr.net/gh/Yeatru/Image@main/Images/YCS-SWI-006.png,,2.15 USD,in_stock,new,Yeatru Sourcing,YCS-SWI-006,,Home & Garden > Swimwear,,US,Standard DDP,0.00 USD,s / m / l / xl,3,7,7,35,US,0.00,CN,no
583,Boyshort Swimsuit Women Swimwear Modest,Boyshort Swimsuit Women Swimwear Modest.,https://www.yeatru.com/product-583.html,https://cdn.jsdelivr.net/gh/Yeatru/Image@main/Images/YCS-SWI-007.png,,1.70 USD,in_stock,new,Yeatru Sourcing,YCS-SWI-007,,Home & Garden > Swimwear,,US,Standard DDP,0.00 USD,s / m / l / xl / xxl,3,7,7,35,US,0.00,CN,no
584,Pink Black Swimsuit Women Swimwear Beach,Pink Black Swimsuit Women Swimwear Beach. Available in Black.,https://www.yeatru.com/product-584.html,https://cdn.jsdelivr.net/gh/Yeatru/Image@main/Images/YCS-SWI-010.png,,2.32 USD,in_stock,new,Yeatru Sourcing,YCS-SWI-010,,Home & Garden > Swimwear,,US,Standard DDP,0.00 USD,s / m / l / xl,3,7,7,35,US,0.00,CN,no
585,Android Tablet Touch Screen Educational,Android Tablet Touch Screen Educational.,https://www.yeatru.com/product-585.html,https://cdn.jsdelivr.net/gh/Yeatru/Image@main/Images/YCS-TAB-001.png,,3.09 USD,in_stock,new,Yeatru Sourcing,YCS-TAB-001,,Home & Garden > Tablets,,US,Standard DDP,0.00 USD,,3,7,7,35,US,0.00,CN,no
586,Android Tablet Touch Screen Educational,Android Tablet Touch Screen Educational.,https://www.yeatru.com/product-586.html,https://cdn.jsdelivr.net/gh/Yeatru/Image@main/Images/YCS-TAB-002.jpg,,5.49 USD,in_stock,new,Yeatru Sourcing,YCS-TAB-002,,Home & Garden > Tablets,,US,Standard DDP,0.00 USD,,3,7,7,35,US,0.00,CN,no
587,Felt Decoration Ornament Handmade Craft,Felt Decoration Ornament Handmade Craft.,https://www.yeatru.com/product-587.html,https://cdn.jsdelivr.net/gh/Yeatru/Image@main/Images/YCS-TOY-001.png,,5.15 USD,in_stock,new,Yeatru Sourcing,YCS-TOY-001,,Consumer Electronics > Toys,,US,Standard DDP,0.00 USD,,3,7,7,35,US,0.00,CN,no
588,Kids Toy Educational Gift Set,Kids Toy Educational Gift Set. Available in Black.,https://www.yeatru.com/product-588.html,https://cdn.jsdelivr.net/gh/Yeatru/Image@main/Images/YCS-TOY-002.png,,0.67 USD,in_stock,new,Yeatru Sourcing,YCS-TOY-002,,Consumer Electronics > Toys,,US,Standard DDP,0.00 USD,,3,7,7,35,US,0.00,CN,no
589,Kids Toy Educational Gift,Kids Toy Educational Gift.,https://www.yeatru.com/product-589.html,https://cdn.jsdelivr.net/gh/Yeatru/Image@main/Images/YCS-TOY-003.png,,1.41 USD,in_stock,new,Yeatru Sourcing,YCS-TOY-003,,Consumer Electronics > Toys,,US,Standard DDP,0.00 USD,,3,7,7,35,US,0.00,CN,no
590,Children'S Toy Educational Pvc,Children'S Toy Educational Pvc. Sizes: S.,https://www.yeatru.com/product-590.html,https://cdn.jsdelivr.net/gh/Yeatru/Image@main/Images/YCS-TOY-004.png,,6.34 USD,in_stock,new,Yeatru Sourcing,YCS-TOY-004,,Consumer Electronics > Toys,,US,Standard DDP,0.00 USD,s,3,7,7,35,US,0.00,CN,no
591,Kids Toy Educational Gift,Kids Toy Educational Gift.,https://www.yeatru.com/product-591.html,https://cdn.jsdelivr.net/gh/Yeatru/Image@main/Images/YCS-TOY-005.png,,3.16 USD,in_stock,new,Yeatru Sourcing,YCS-TOY-005,,Consumer Electronics > Toys,,US,Standard DDP,0.00 USD,,3,7,7,35,US,0.00,CN,no
592,Children'S Toy Educational Crawling,Children'S Toy Educational Crawling. Sizes: S.,https://www.yeatru.com/product-592.html,https://cdn.jsdelivr.net/gh/Yeatru/Image@main/Images/YCS-TOY-006.png,,5.84 USD,in_stock,new,Yeatru Sourcing,YCS-TOY-006,,Consumer Electronics > Toys,,US,Standard DDP,0.00 USD,s,3,7,7,35,US,0.00,CN,no
593,Kids Toy Educational Gift,Kids Toy Educational Gift.,https://www.yeatru.com/product-593.html,https://cdn.jsdelivr.net/gh/Yeatru/Image@main/Images/YCS-TOY-007.png,,2.06 USD,in_stock,new,Yeatru Sourcing,YCS-TOY-007,,Consumer Electronics > Toys,,US,Standard DDP,0.00 USD,,3,7,7,35,US,0.00,CN,no
594,Role Play Toy Set Kids Pretend,Role Play Toy Set Kids Pretend.,https://www.yeatru.com/product-594.html,https://cdn.jsdelivr.net/gh/Yeatru/Image@main/Images/YCS-TOY-008.png,,9.94 USD,in_stock,new,Yeatru Sourcing,YCS-TOY-008,,Consumer Electronics > Toys,,US,Standard DDP,0.00 USD,,3,7,7,35,US,0.00,CN,no
595,Coin Bank Money Box Kids Savings,Coin Bank Money Box Kids Savings.,https://www.yeatru.com/product-595.html,https://cdn.jsdelivr.net/gh/Yeatru/Image@main/Images/YCS-TOY-009.png,,0.58 USD,in_stock,new,Yeatru Sourcing,YCS-TOY-009,,Consumer Electronics > Toys,,US,Standard DDP,0.00 USD,,3,7,7,35,US,0.00,CN,no
596,Kids Toy Educational Gift,Kids Toy Educational Gift.,https://www.yeatru.com/product-596.html,https://cdn.jsdelivr.net/gh/Yeatru/Image@main/Images/YCS-TOY-010.png,,0.67 USD,in_stock,new,Yeatru Sourcing,YCS-TOY-010,,Consumer Electronics > Toys,,US,Standard DDP,0.00 USD,,3,7,7,35,US,0.00,CN,no
597,Electric Fishing Game Toy Kids Interactive,Electric Fishing Game Toy Kids Interactive.,https://www.yeatru.com/product-597.html,https://cdn.jsdelivr.net/gh/Yeatru/Image@main/Images/YCS-TOY-011.png,,0.38 USD,in_stock,new,Yeatru Sourcing,YCS-TOY-011,,Consumer Electronics > Toys,,US,Standard DDP,0.00 USD,,3,7,7,35,US,0.00,CN,no
598,Kids Toy Educational Gift,Kids Toy Educational Gift.,https://www.yeatru.com/product-598.html,https://cdn.jsdelivr.net/gh/Yeatru/Image@main/Images/YCS-TOY-012.png,,0.86 USD,in_stock,new,Yeatru Sourcing,YCS-TOY-012,,Consumer Electronics > Toys,,US,Standard DDP,0.00 USD,,3,7,7,35,US,0.00,CN,no
599,Kids Toy Educational Gift,Kids Toy Educational Gift.,https://www.yeatru.com/product-599.html,https://cdn.jsdelivr.net/gh/Yeatru/Image@main/Images/YCS-TOY-013.png,,0.86 USD,in_stock,new,Yeatru Sourcing,YCS-TOY-013,,Consumer Electronics > Toys,,US,Standard DDP,0.00 USD,,3,7,7,35,US,0.00,CN,no
600,Kids Toy Educational Gift,Kids Toy Educational Gift.,https://www.yeatru.com/product-600.html,https://cdn.jsdelivr.net/gh/Yeatru/Image@main/Images/YCS-TOY-014.png,,0.86 USD,in_stock,new,Yeatru Sourcing,YCS-TOY-014,,Consumer Electronics > Toys,,US,Standard DDP,0.00 USD,,3,7,7,35,US,0.00,CN,no
601,Kids Toy Educational Gift,Kids Toy Educational Gift.,https://www.yeatru.com/product-601.html,https://cdn.jsdelivr.net/gh/Yeatru/Image@main/Images/YCS-TOY-015.png,,0.86 USD,in_stock,new,Yeatru Sourcing,YCS-TOY-015,,Consumer Electronics > Toys,,US,Standard DDP,0.00 USD,,3,7,7,35,US,0.00,CN,no
602,Toy Excavator Truck Kids Construction,Toy Excavator Truck Kids Construction.,https://www.yeatru.com/product-602.html,https://cdn.jsdelivr.net/gh/Yeatru/Image@main/Images/YCS-TOY-016.png,,1.07 USD,in_stock,new,Yeatru Sourcing,YCS-TOY-016,,Consumer Electronics > Toys,,US,Standard DDP,0.00 USD,,3,7,7,35,US,0.00,CN,no
603,Felt Diy Craft Kit Handmade Creative,Felt Diy Craft Kit Handmade Creative.,https://www.yeatru.com/product-603.html,https://cdn.jsdelivr.net/gh/Yeatru/Image@main/Images/YCS-TOY-017.png,,0.57 USD,in_stock,new,Yeatru Sourcing,YCS-TOY-017,,Consumer Electronics > Toys,,US,Standard DDP,0.00 USD,,3,7,7,35,US,0.00,CN,no
604,Children'S Learning Tablet Educational Interactive,Children'S Learning Tablet Educational Interactive. Sizes: S.,https://www.yeatru.com/product-604.html,https://cdn.jsdelivr.net/gh/Yeatru/Image@main/Images/YCS-TOY-018.png,,1.54 USD,in_stock,new,Yeatru Sourcing,YCS-TOY-018,,Consumer Electronics > Toys,,US,Standard DDP,0.00 USD,s,3,7,7,35,US,0.00,CN,no
605,Magnetic Chess Set Board Game Travel,Magnetic Chess Set Board Game Travel.,https://www.yeatru.com/product-605.html,https://cdn.jsdelivr.net/gh/Yeatru/Image@main/Images/YCS-TOY-019.png,,1.54 USD,in_stock,new,Yeatru Sourcing,YCS-TOY-019,,Consumer Electronics > Toys,,US,Standard DDP,0.00 USD,,3,7,7,35,US,0.00,CN,no
606,Role Play Toy Set Kids Pretend,Role Play Toy Set Kids Pretend.,https://www.yeatru.com/product-606.html,https://cdn.jsdelivr.net/gh/Yeatru/Image@main/Images/YCS-TOY-020.png,,9.78 USD,in_stock,new,Yeatru Sourcing,YCS-TOY-020,,Consumer Electronics > Toys,,US,Standard DDP,0.00 USD,,3,7,7,35,US,0.00,CN,no
607,Jigsaw Puzzle Educational Kids,Jigsaw Puzzle Educational Kids.,https://www.yeatru.com/product-607.html,https://cdn.jsdelivr.net/gh/Yeatru/Image@main/Images/YCS-TOY-021.png,,1.17 USD,in_stock,new,Yeatru Sourcing,YCS-TOY-021,,Consumer Electronics > Toys,,US,Standard DDP,0.00 USD,,3,7,7,35,US,0.00,CN,no
608,Kids Toy Educational Gift,Kids Toy Educational Gift.,https://www.yeatru.com/product-608.html,https://cdn.jsdelivr.net/gh/Yeatru/Image@main/Images/YCS-TOY-022.png,,0.81 USD,in_stock,new,Yeatru Sourcing,YCS-TOY-022,,Consumer Electronics > Toys,,US,Standard DDP,0.00 USD,,3,7,7,35,US,0.00,CN,no
609,Doctor Play Set Toy Kids Pretend,Doctor Play Set Toy Kids Pretend.,https://www.yeatru.com/product-609.html,https://cdn.jsdelivr.net/gh/Yeatru/Image@main/Images/YCS-TOY-023-001.jpg,,7.21 USD,in_stock,new,Yeatru Sourcing,YCS-TOY-023,,Consumer Electronics > Toys,,US,Standard DDP,0.00 USD,,3,7,7,35,US,0.00,CN,no
610,Drawing Board Easel Kids Magnetic,Drawing Board Easel Kids Magnetic.,https://www.yeatru.com/product-610.html,https://cdn.jsdelivr.net/gh/Yeatru/Image@main/Images/YCS-TOY-024.png,,1.54 USD,in_stock,new,Yeatru Sourcing,YCS-TOY-024,,Consumer Electronics > Toys,,US,Standard DDP,0.00 USD,,3,7,7,35,US,0.00,CN,no
611,Role Play Toy Set Kids Pretend,"Role Play Toy Set Kids Pretend. Available in Blue, Pink.",https://www.yeatru.com/product-611.html,https://cdn.jsdelivr.net/gh/Yeatru/Image@main/Images/YCS-TOY-025-001.png,,3.26 USD,in_stock,new,Yeatru Sourcing,YCS-TOY-025,,Consumer Electronics > Toys,,US,Standard DDP,0.00 USD,,3,7,7,35,US,0.00,CN,no
612,Role Play Toy Set Kids Pretend,Role Play Toy Set Kids Pretend.,https://www.yeatru.com/product-612.html,https://cdn.jsdelivr.net/gh/Yeatru/Image@main/Images/YCS-TOY-026.png,,4.26 USD,in_stock,new,Yeatru Sourcing,YCS-TOY-026,,Consumer Electronics > Toys,,US,Standard DDP,0.00 USD,,3,7,7,35,US,0.00,CN,no
613,Kids Toy Educational Gift,Kids Toy Educational Gift.,https://www.yeatru.com/product-613.html,https://cdn.jsdelivr.net/gh/Yeatru/Image@main/Images/YCS-TOY-027.png,,2.71 USD,in_stock,new,Yeatru Sourcing,YCS-TOY-027,,Consumer Electronics > Toys,,US,Standard DDP,0.00 USD,,3,7,7,35,US,0.00,CN,no
614,Baby Rattle Toy Infant Early Education,Baby Rattle Toy Infant Early Education.,https://www.yeatru.com/product-614.html,https://cdn.jsdelivr.net/gh/Yeatru/Image@main/Images/YCS-TOY-028.png,,2.71 USD,in_stock,new,Yeatru Sourcing,YCS-TOY-028,,Consumer Electronics > Toys,,US,Standard DDP,0.00 USD,,3,7,7,35,US,0.00,CN,no
615,Kids Toy Educational Gift,Kids Toy Educational Gift.,https://www.yeatru.com/product-615.html,https://cdn.jsdelivr.net/gh/Yeatru/Image@main/Images/YCS-TOY-029.png,,2.71 USD,in_stock,new,Yeatru Sourcing,YCS-TOY-029,,Consumer Electronics > Toys,,US,Standard DDP,0.00 USD,,3,7,7,35,US,0.00,CN,no
616,Rainbow Stacking Ring Toy Wooden Toddler,Rainbow Stacking Ring Toy Wooden Toddler.,https://www.yeatru.com/product-616.html,https://cdn.jsdelivr.net/gh/Yeatru/Image@main/Images/YCS-TOY-030.png,,0.29 USD,in_stock,new,Yeatru Sourcing,YCS-TOY-030,,Consumer Electronics > Toys,,US,Standard DDP,0.00 USD,,3,7,7,35,US,0.00,CN,no
617,Montessori Early Education Toy Wooden Learning,Montessori Early Education Toy Wooden Learning.,https://www.yeatru.com/product-617.html,https://cdn.jsdelivr.net/gh/Yeatru/Image@main/Images/YCS-TOY-031.png,,0.45 USD,in_stock,new,Yeatru Sourcing,YCS-TOY-031,,Consumer Electronics > Toys,,US,Standard DDP,0.00 USD,,3,7,7,35,US,0.00,CN,no
618,Montessori Early Education Toy Wooden Learning,Montessori Early Education Toy Wooden Learning.,https://www.yeatru.com/product-618.html,https://cdn.jsdelivr.net/gh/Yeatru/Image@main/Images/YCS-TOY-032.png,,0.63 USD,in_stock,new,Yeatru Sourcing,YCS-TOY-032,,Consumer Electronics > Toys,,US,Standard DDP,0.00 USD,,3,7,7,35,US,0.00,CN,no
619,Jigsaw Puzzle Educational Kids,Jigsaw Puzzle Educational Kids.,https://www.yeatru.com/product-619.html,https://cdn.jsdelivr.net/gh/Yeatru/Image@main/Images/YCS-TOY-033.png,,0.11 USD,in_stock,new,Yeatru Sourcing,YCS-TOY-033,,Consumer Electronics > Toys,,US,Standard DDP,0.00 USD,,3,7,7,35,US,0.00,CN,no
620,Penguin Clock Toy Educational Kids,Penguin Clock Toy Educational Kids.,https://www.yeatru.com/product-620.html,https://cdn.jsdelivr.net/gh/Yeatru/Image@main/Images/YCS-TOY-034.png,,0.45 USD,in_stock,new,Yeatru Sourcing,YCS-TOY-034,,Consumer Electronics > Toys,,US,Standard DDP,0.00 USD,,3,7,7,35,US,0.00,CN,no
621,Kids Toy Educational Gift,Kids Toy Educational Gift.,https://www.yeatru.com/product-621.html,https://cdn.jsdelivr.net/gh/Yeatru/Image@main/Images/YCS-TOY-035.png,,0.49 USD,in_stock,new,Yeatru Sourcing,YCS-TOY-035,,Consumer Electronics > Toys,,US,Standard DDP,0.00 USD,,3,7,7,35,US,0.00,CN,no
622,Jigsaw Puzzle Educational Kids,Jigsaw Puzzle Educational Kids.,https://www.yeatru.com/product-622.html,https://cdn.jsdelivr.net/gh/Yeatru/Image@main/Images/YCS-TOY-036.png,,0.11 USD,in_stock,new,Yeatru Sourcing,YCS-TOY-036,,Consumer Electronics > Toys,,US,Standard DDP,0.00 USD,,3,7,7,35,US,0.00,CN,no
623,Jigsaw Puzzle Educational Kids,Jigsaw Puzzle Educational Kids.,https://www.yeatru.com/product-623.html,https://cdn.jsdelivr.net/gh/Yeatru/Image@main/Images/YCS-TOY-037.png,,0.06 USD,in_stock,new,Yeatru Sourcing,YCS-TOY-037,,Consumer Electronics > Toys,,US,Standard DDP,0.00 USD,,3,7,7,35,US,0.00,CN,no
624,Jigsaw Puzzle Educational Kids,Jigsaw Puzzle Educational Kids.,https://www.yeatru.com/product-624.html,https://cdn.jsdelivr.net/gh/Yeatru/Image@main/Images/YCS-TOY-038.png,,0.34 USD,in_stock,new,Yeatru Sourcing,YCS-TOY-038,,Consumer Electronics > Toys,,US,Standard DDP,0.00 USD,,3,7,7,35,US,0.00,CN,no
625,Kids Toy Educational Gift,Kids Toy Educational Gift.,https://www.yeatru.com/product-625.html,https://cdn.jsdelivr.net/gh/Yeatru/Image@main/Images/YCS-TOY-039.png,,10.30 USD,in_stock,new,Yeatru Sourcing,YCS-TOY-039,,Consumer Electronics > Toys,,US,Standard DDP,0.00 USD,,3,7,7,35,US,0.00,CN,no
626,Children'S Toy Educational,Children'S Toy Educational. Sizes: S.,https://www.yeatru.com/product-626.html,https://cdn.jsdelivr.net/gh/Yeatru/Image@main/Images/YCS-TOY-040.png,,22.14 USD,in_stock,new,Yeatru Sourcing,YCS-TOY-040,,Consumer Electronics > Toys,,US,Standard DDP,0.00 USD,s,3,7,7,35,US,0.00,CN,no
627,Baby Learning Walker Toy Infant Interactive,Baby Learning Walker Toy Infant Interactive.,https://www.yeatru.com/product-627.html,https://cdn.jsdelivr.net/gh/Yeatru/Image@main/Images/YCS-TOY-041.png,,3.26 USD,in_stock,new,Yeatru Sourcing,YCS-TOY-041,,Consumer Electronics > Toys,,US,Standard DDP,0.00 USD,,3,7,7,35,US,0.00,CN,no
628,Kids Toy Educational Gift,Kids Toy Educational Gift.,https://www.yeatru.com/product-628.html,https://cdn.jsdelivr.net/gh/Yeatru/Image@main/Images/YCS-TOY-042.png,,3.26 USD,in_stock,new,Yeatru Sourcing,YCS-TOY-042,,Consumer Electronics > Toys,,US,Standard DDP,0.00 USD,,3,7,7,35,US,0.00,CN,no
629,Doctor Kit Toy Set Kids Educational,Doctor Kit Toy Set Kids Educational.,https://www.yeatru.com/product-629.html,https://cdn.jsdelivr.net/gh/Yeatru/Image@main/Images/YCS-TOY-043.png,,10.47 USD,in_stock,new,Yeatru Sourcing,YCS-TOY-043,,Consumer Electronics > Toys,,US,Standard DDP,0.00 USD,,3,7,7,35,US,0.00,CN,no
630,Doctor Kit Toy Set Kids Educational,Doctor Kit Toy Set Kids Educational.,https://www.yeatru.com/product-630.html,https://cdn.jsdelivr.net/gh/Yeatru/Image@main/Images/YCS-TOY-044.png,,7.72 USD,in_stock,new,Yeatru Sourcing,YCS-TOY-044,,Consumer Electronics > Toys,,US,Standard DDP,0.00 USD,,3,7,7,35,US,0.00,CN,no
631,Baby Walker Toy Infant Learning,Baby Walker Toy Infant Learning.,https://www.yeatru.com/product-631.html,https://cdn.jsdelivr.net/gh/Yeatru/Image@main/Images/YCS-TOY-045.png,,26.60 USD,in_stock,new,Yeatru Sourcing,YCS-TOY-045,,Consumer Electronics > Toys,,US,Standard DDP,0.00 USD,,3,7,7,35,US,0.00,CN,no
632,Kids Toy Educational Gift,Kids Toy Educational Gift.,https://www.yeatru.com/product-632.html,https://cdn.jsdelivr.net/gh/Yeatru/Image@main/Images/YCS-TOY-046.png,,2.23 USD,in_stock,new,Yeatru Sourcing,YCS-TOY-046,,Consumer Electronics > Toys,,US,Standard DDP,0.00 USD,,3,7,7,35,US,0.00,CN,no
633,Drawing Board Easel Kids Magnetic,Drawing Board Easel Kids Magnetic.,https://www.yeatru.com/product-633.html,https://cdn.jsdelivr.net/gh/Yeatru/Image@main/Images/YCS-TOY-047.png,,7.12 USD,in_stock,new,Yeatru Sourcing,YCS-TOY-047,,Consumer Electronics > Toys,,US,Standard DDP,0.00 USD,,3,7,7,35,US,0.00,CN,no
634,Kids Toy Educational Gift,Kids Toy Educational Gift.,https://www.yeatru.com/product-634.html,https://cdn.jsdelivr.net/gh/Yeatru/Image@main/Images/YCS-TOY-048.png,,4.12 USD,in_stock,new,Yeatru Sourcing,YCS-TOY-048,,Consumer Electronics > Toys,,US,Standard DDP,0.00 USD,,3,7,7,35,US,0.00,CN,no
635,Kids Toy Educational Gift,Kids Toy Educational Gift.,https://www.yeatru.com/product-635.html,https://cdn.jsdelivr.net/gh/Yeatru/Image@main/Images/YCS-TOY-049.png,,0.30 USD,in_stock,new,Yeatru Sourcing,YCS-TOY-049,,Consumer Electronics > Toys,,US,Standard DDP,0.00 USD,,3,7,7,35,US,0.00,CN,no
636,Kids Toy Educational Gift,Kids Toy Educational Gift.,https://www.yeatru.com/product-636.html,https://cdn.jsdelivr.net/gh/Yeatru/Image@main/Images/YCS-TOY-051.png,,2.92 USD,in_stock,new,Yeatru Sourcing,YCS-TOY-051,,Consumer Electronics > Toys,,US,Standard DDP,0.00 USD,,3,7,7,35,US,0.00,CN,no
637,Stethoscope Doctor Toy Set Kids Role Play,Stethoscope Doctor Toy Set Kids Role Play.,https://www.yeatru.com/product-637.html,https://cdn.jsdelivr.net/gh/Yeatru/Image@main/Images/YCS-TOY-052.png,,2.92 USD,in_stock,new,Yeatru Sourcing,YCS-TOY-052,,Consumer Electronics > Toys,,US,Standard DDP,0.00 USD,,3,7,7,35,US,0.00,CN,no
638,Kids Toy Educational Gift,Kids Toy Educational Gift.,https://www.yeatru.com/product-638.html,https://cdn.jsdelivr.net/gh/Yeatru/Image@main/Images/YCS-TOY-053.png,,4.46 USD,in_stock,new,Yeatru Sourcing,YCS-TOY-053,,Consumer Electronics > Toys,,US,Standard DDP,0.00 USD,,3,7,7,35,US,0.00,CN,no
639,Puzzle Building Blocks Educational Kids,Puzzle Building Blocks Educational Kids.,https://www.yeatru.com/product-639.html,https://cdn.jsdelivr.net/gh/Yeatru/Image@main/Images/YCS-TOY-054.png,,1.20 USD,in_stock,new,Yeatru Sourcing,YCS-TOY-054,,Consumer Electronics > Toys,,US,Standard DDP,0.00 USD,,3,7,7,35,US,0.00,CN,no
640,Puzzle Building Blocks Educational Kids,Puzzle Building Blocks Educational Kids.,https://www.yeatru.com/product-640.html,https://cdn.jsdelivr.net/gh/Yeatru/Image@main/Images/YCS-TOY-055.png,,1.72 USD,in_stock,new,Yeatru Sourcing,YCS-TOY-055,,Consumer Electronics > Toys,,US,Standard DDP,0.00 USD,,3,7,7,35,US,0.00,CN,no
641,Puzzle Building Blocks Educational Kids,Puzzle Building Blocks Educational Kids.,https://www.yeatru.com/product-641.html,https://cdn.jsdelivr.net/gh/Yeatru/Image@main/Images/YCS-TOY-056.png,,2.35 USD,in_stock,new,Yeatru Sourcing,YCS-TOY-056,,Consumer Electronics > Toys,,US,Standard DDP,0.00 USD,,3,7,7,35,US,0.00,CN,no
642,Jigsaw Puzzle Educational Kids,Jigsaw Puzzle Educational Kids.,https://www.yeatru.com/product-642.html,https://cdn.jsdelivr.net/gh/Yeatru/Image@main/Images/YCS-TOY-057.png,,4.26 USD,in_stock,new,Yeatru Sourcing,YCS-TOY-057,,Consumer Electronics > Toys,,US,Standard DDP,0.00 USD,,3,7,7,35,US,0.00,CN,no
643,Human Body Anatomy Model Educational Science,Human Body Anatomy Model Educational Science.,https://www.yeatru.com/product-643.html,https://cdn.jsdelivr.net/gh/Yeatru/Image@main/Images/YCS-TOY-058.png,,0.30 USD,in_stock,new,Yeatru Sourcing,YCS-TOY-058,,Consumer Electronics > Toys,,US,Standard DDP,0.00 USD,,3,7,7,35,US,0.00,CN,no
644,Educational Human Body Anatomy Model Toy with Colored Organs,Educational Human Body Anatomy Model Toy with Colored Organs.,https://www.yeatru.com/product-644.html,https://cdn.jsdelivr.net/gh/Yeatru/Image@main/Images/YCS-TOY-059.png,,2.18 USD,in_stock,new,Yeatru Sourcing,YCS-TOY-059,,Consumer Electronics > Toys,,US,Standard DDP,0.00 USD,,3,7,7,35,US,0.00,CN,no
645,Handbag Tote Bag Women'S Fashion,Handbag Tote Bag Women'S Fashion. Sizes: S.,https://www.yeatru.com/product-645.html,https://cdn.jsdelivr.net/gh/Yeatru/Image@main/Images/YCS-TOY-060.png,,2.63 USD,in_stock,new,Yeatru Sourcing,YCS-TOY-060,,Consumer Electronics > Toys,,US,Standard DDP,0.00 USD,s,3,7,7,35,US,0.00,CN,no
646,"Pink Drawing Board Easel Kids Magnetic 16""","Pink Drawing Board Easel Kids Magnetic 16"". Available in Black, Blue, Pink, White. Sizes: 16寸.",https://www.yeatru.com/product-646.html,https://cdn.jsdelivr.net/gh/Yeatru/Image@main/Images/YCS-TOY-061-001.png,,0.27 USD,in_stock,new,Yeatru Sourcing,YCS-TOY-061,,Consumer Electronics > Toys,,US,Standard DDP,0.00 USD,16寸,3,7,7,35,US,0.00,CN,no
647,Pink Doctor Play Set Toy Kids Pretend,"Pink Doctor Play Set Toy Kids Pretend. Available in Blue, Pink.",https://www.yeatru.com/product-647.html,https://cdn.jsdelivr.net/gh/Yeatru/Image@main/Images/YCS-TOY-062-001.png,,10.30 USD,in_stock,new,Yeatru Sourcing,YCS-TOY-062,,Consumer Electronics > Toys,,US,Standard DDP,0.00 USD,,3,7,7,35,US,0.00,CN,no
648,Baby Rattle Set Infant 5-Piece,Baby Rattle Set Infant 5-Piece.,https://www.yeatru.com/product-648.html,https://cdn.jsdelivr.net/gh/Yeatru/Image@main/Images/YCS-TOY-063.png,,4.81 USD,in_stock,new,Yeatru Sourcing,YCS-TOY-063,,Consumer Electronics > Toys,,US,Standard DDP,0.00 USD,,3,7,7,35,US,0.00,CN,no
649,Doctor Kit Toy Set Kids Educational,Doctor Kit Toy Set Kids Educational.,https://www.yeatru.com/product-649.html,https://cdn.jsdelivr.net/gh/Yeatru/Image@main/Images/YCS-TOY-065.png,,0.65 USD,in_stock,new,Yeatru Sourcing,YCS-TOY-065,,Consumer Electronics > Toys,,US,Standard DDP,0.00 USD,,3,7,7,35,US,0.00,CN,no
650,Drawing Board Easel Kids Magnetic,Drawing Board Easel Kids Magnetic.,https://www.yeatru.com/product-650.html,https://cdn.jsdelivr.net/gh/Yeatru/Image@main/Images/YCS-TOY-066.png,,1.51 USD,in_stock,new,Yeatru Sourcing,YCS-TOY-066,,Consumer Electronics > Toys,,US,Standard DDP,0.00 USD,,3,7,7,35,US,0.00,CN,no
651,"Drawing Board Easel Kids Magnetic 5""","Drawing Board Easel Kids Magnetic 5"". Sizes: 5寸.",https://www.yeatru.com/product-651.html,https://cdn.jsdelivr.net/gh/Yeatru/Image@main/Images/YCS-TOY-067.png,,3.24 USD,in_stock,new,Yeatru Sourcing,YCS-TOY-067,,Consumer Electronics > Toys,,US,Standard DDP,0.00 USD,5寸,3,7,7,35,US,0.00,CN,no
652,Kids Toy Educational Gift,Kids Toy Educational Gift.,https://www.yeatru.com/product-652.html,https://cdn.jsdelivr.net/gh/Yeatru/Image@main/Images/YCS-TOY-068.png,,12.19 USD,in_stock,new,Yeatru Sourcing,YCS-TOY-068,,Consumer Electronics > Toys,,US,Standard DDP,0.00 USD,,3,7,7,35,US,0.00,CN,no
653,Building Blocks Set Educational Kids,Building Blocks Set Educational Kids.,https://www.yeatru.com/product-653.html,https://cdn.jsdelivr.net/gh/Yeatru/Image@main/Images/YCS-TOY-069.png,,0.94 USD,in_stock,new,Yeatru Sourcing,YCS-TOY-069,,Consumer Electronics > Toys,,US,Standard DDP,0.00 USD,,3,7,7,35,US,0.00,CN,no
654,Children'S Toy Educational Crawling,Children'S Toy Educational Crawling. Sizes: S.,https://www.yeatru.com/product-654.html,https://cdn.jsdelivr.net/gh/Yeatru/Image@main/Images/YCS-TOY-070.png,,0.23 USD,in_stock,new,Yeatru Sourcing,YCS-TOY-070,,Consumer Electronics > Toys,,US,Standard DDP,0.00 USD,s,3,7,7,35,US,0.00,CN,no
655,Building Blocks Set Educational Kids,Building Blocks Set Educational Kids.,https://www.yeatru.com/product-655.html,https://cdn.jsdelivr.net/gh/Yeatru/Image@main/Images/YCS-TOY-071.png,,5.15 USD,in_stock,new,Yeatru Sourcing,YCS-TOY-071,,Consumer Electronics > Toys,,US,Standard DDP,0.00 USD,,3,7,7,35,US,0.00,CN,no
656,Jigsaw Puzzle Educational Kids,Jigsaw Puzzle Educational Kids.,https://www.yeatru.com/product-656.html,https://cdn.jsdelivr.net/gh/Yeatru/Image@main/Images/YCS-TOY-072.png,,1.20 USD,in_stock,new,Yeatru Sourcing,YCS-TOY-072,,Consumer Electronics > Toys,,US,Standard DDP,0.00 USD,,3,7,7,35,US,0.00,CN,no
